codigo_ocorrencia,mes,ano,dia_semana,hora,codigo_tempo
25799, 1, 2006, 2, 11,2006/01/02 11:00:00.000
25819, 1, 2006, 5, 20,2006/01/12 20:00:00.000
25820, 1, 2006, 2, 12,2006/01/02 12:00:00.000
25839, 1, 2006, 3, 0,2006/01/03 00:00:00.000
25999, 1, 2006, 5, 14,2006/01/12 14:00:00.000
26099, 1, 2006, 7, 13,2006/01/21 13:00:00.000
26119, 2, 2006, 7, 19,2006/02/11 19:00:00.000
26120, 1, 2006, 7, 11,2006/01/21 11:00:00.000
26121, 1, 2006, 2, 14,2006/01/16 14:00:00.000
26139, 2, 2006, 4, 16,2006/02/01 16:00:00.000
26140, 1, 2006, 1, 20,2006/01/22 20:00:00.000
26179, 2, 2006, 7, 10,2006/02/18 10:00:00.000
26259, 1, 2006, 6, 0,2006/01/20 00:00:00.000
26421, 2, 2006, 7, 11,2006/02/18 11:00:00.000
26439, 3, 2006, 6, 19,2006/03/03 19:00:00.000
26480, 3, 2006, 4, 11,2006/03/15 11:00:00.000
26521, 3, 2006, 3, 10,2006/03/21 10:00:00.000
26559, 2, 2006, 2, 1,2006/02/13 01:00:00.000
26560, 3, 2006, 3, 2,2006/03/28 02:00:00.000
26562, 3, 2006, 4, 19,2006/03/22 19:00:00.000
26609, 3, 2006, 1, 13,2006/03/26 13:00:00.000
26610, 3, 2006, 6, 15,2006/03/24 15:00:00.000
26619, 3, 2006, 6, 18,2006/03/03 18:00:00.000
26620, 3, 2006, 6, 20,2006/03/31 20:00:00.000
26621, 3, 2006, 3, 13,2006/03/07 13:00:00.000
26622, 3, 2006, 1, 0,2006/03/05 00:00:00.000
26642, 3, 2006, 6, 3,2006/03/31 03:00:00.000
26643, 3, 2006, 3, 16,2006/03/21 16:00:00.000
26660, 2, 2006, 3, 16,2006/02/28 16:00:00.000
26679, 4, 2006, 4, 16,2006/04/12 16:00:00.000
26719, 4, 2006, 5, 17,2006/04/27 17:00:00.000
26720, 4, 2006, 4, 13,2006/04/26 13:00:00.000
26723, 4, 2006, 1, 13,2006/04/23 13:00:00.000
26759, 5, 2006, 2, 13,2006/05/08 13:00:00.000
26779, 5, 2006, 6, 10,2006/05/05 10:00:00.000
26780, 2, 2006, 5, 11,2006/02/16 11:00:00.000
26860, 5, 2006, 6, 13,2006/05/05 13:00:00.000
26861, 4, 2006, 6, 14,2006/04/28 14:00:00.000
26902, 3, 2006, 5, 13,2006/03/09 13:00:00.000
26959, 5, 2006, 2, 10,2006/05/15 10:00:00.000
26960, 4, 2006, 1, 13,2006/04/23 13:00:00.000
26980, 4, 2006, 6, 14,2006/04/28 14:00:00.000
26999, 5, 2006, 5, 22,2006/05/18 22:00:00.000
27059, 6, 2006, 6, 13,2006/06/02 13:00:00.000
27060, 5, 2006, 7, 20,2006/05/27 20:00:00.000
27081, 1, 2006, 6, 13,2006/01/27 13:00:00.000
27140, 5, 2006, 3, 12,2006/05/16 12:00:00.000
27162, 5, 2006, 7, 18,2006/05/27 18:00:00.000
27180, 6, 2006, 4, 23,2006/06/21 23:00:00.000
27260, 6, 2006, 4, 13,2006/06/28 13:00:00.000
27261, 6, 2006, 3, 11,2006/06/27 11:00:00.000
27302, 2, 2006, 4, 14,2006/02/15 14:00:00.000
27306, 7, 2006, 5, 16,2006/07/06 16:00:00.000
27347, 7, 2006, 3, 12,2006/07/18 12:00:00.000
27356, 6, 2006, 1, 15,2006/06/11 15:00:00.000
27375, 7, 2006, 7, 19,2006/07/29 19:00:00.000
27389, 6, 2006, 6, 14,2006/06/30 14:00:00.000
27409, 6, 2006, 7, 19,2006/06/24 19:00:00.000
27410, 7, 2006, 2, 10,2006/07/03 10:00:00.000
27449, 8, 2006, 5, 0,2006/08/10 00:00:00.000
27469, 8, 2006, 5, 14,2006/08/24 14:00:00.000
27489, 8, 2006, 4, 16,2006/08/16 16:00:00.000
27490, 7, 2006, 1, 16,2006/07/23 16:00:00.000
27531, 8, 2006, 1, 13,2006/08/20 13:00:00.000
27532, 8, 2006, 4, 14,2006/08/09 14:00:00.000
27569, 5, 2006, 3, 20,2006/05/02 20:00:00.000
27633, 8, 2006, 1, 12,2006/08/20 12:00:00.000
27668, 9, 2006, 5, 17,2006/09/14 17:00:00.000
27671, 8, 2006, 3, 16,2006/08/08 16:00:00.000
27689, 9, 2006, 2, 12,2006/09/04 12:00:00.000
27690, 9, 2006, 2, 17,2006/09/25 17:00:00.000
27709, 9, 2006, 6, 18,2006/09/22 18:00:00.000
27729, 7, 2006, 4, 0,2006/07/12 00:00:00.000
27730, 8, 2006, 1, 15,2006/08/27 15:00:00.000
27809, 8, 2006, 2, 13,2006/08/14 13:00:00.000
27811, 9, 2006, 2, 14,2006/09/04 14:00:00.000
27812, 9, 2006, 4, 15,2006/09/27 15:00:00.000
27813, 9, 2006, 3, 11,2006/09/19 11:00:00.000
27834, 10, 2006, 2, 20,2006/10/02 20:00:00.000
27852, 6, 2006, 6, 13,2006/06/16 13:00:00.000
27853, 9, 2006, 6, 18,2006/09/15 18:00:00.000
27932, 2, 2006, 4, 0,2006/02/22 00:00:00.000
27933, 11, 2006, 2, 2,2006/11/06 02:00:00.000
27935, 10, 2006, 6, 22,2006/10/13 22:00:00.000
27952, 11, 2006, 1, 15,2006/11/19 15:00:00.000
27953, 10, 2006, 1, 19,2006/10/22 19:00:00.000
28015, 10, 2006, 5, 20,2006/10/19 20:00:00.000
28016, 11, 2006, 4, 16,2006/11/08 16:00:00.000
28033, 11, 2006, 5, 10,2006/11/23 10:00:00.000
28053, 11, 2006, 5, 12,2006/11/16 12:00:00.000
28073, 12, 2006, 6, 10,2006/12/01 10:00:00.000
28093, 12, 2006, 1, 16,2006/12/10 16:00:00.000
28094, 11, 2006, 1, 17,2006/11/19 17:00:00.000
28096, 11, 2006, 1, 20,2006/11/12 20:00:00.000
28114, 11, 2006, 7, 16,2006/11/25 16:00:00.000
28115, 10, 2006, 6, 9,2006/10/06 09:00:00.000
28117, 11, 2006, 3, 17,2006/11/14 17:00:00.000
28133, 12, 2006, 1, 21,2006/12/17 21:00:00.000
28155, 12, 2006, 3, 18,2006/12/19 18:00:00.000
28156, 12, 2006, 7, 17,2006/12/16 17:00:00.000
28173, 12, 2006, 2, 17,2006/12/11 17:00:00.000
28193, 12, 2006, 7, 20,2006/12/09 20:00:00.000
28235, 12, 2006, 3, 9,2006/12/12 09:00:00.000
28236, 12, 2006, 4, 12,2006/12/13 12:00:00.000
28256, 1, 2007, 1, 11,2007/01/07 11:00:00.000
28335, 1, 2007, 6, 12,2007/01/19 12:00:00.000
28355, 1, 2007, 5, 9,2007/01/18 09:00:00.000
28375, 1, 2007, 6, 18,2007/01/26 18:00:00.000
28376, 12, 2006, 7, 13,2006/12/30 13:00:00.000
28377, 1, 2007, 7, 11,2007/01/27 11:00:00.000
28379, 1, 2007, 4, 9,2007/01/31 09:00:00.000
28381, 1, 2007, 7, 3,2007/01/20 03:00:00.000
28395, 2, 2007, 4, 10,2007/02/07 10:00:00.000
28437, 2, 2007, 6, 20,2007/02/16 20:00:00.000
28455, 2, 2007, 6, 18,2007/02/23 18:00:00.000
28475, 1, 2007, 3, 16,2007/01/30 16:00:00.000
28575, 2, 2007, 6, 19,2007/02/09 19:00:00.000
28615, 3, 2007, 3, 15,2007/03/27 15:00:00.000
28617, 3, 2007, 4, 16,2007/03/14 16:00:00.000
28636, 3, 2007, 4, 17,2007/03/28 17:00:00.000
28735, 3, 2007, 7, 20,2007/03/31 20:00:00.000
28775, 3, 2007, 7, 17,2007/03/31 17:00:00.000
28795, 4, 2007, 4, 14,2007/04/04 14:00:00.000
28815, 4, 2007, 7, 12,2007/04/07 12:00:00.000
28915, 4, 2007, 2, 6,2007/04/16 06:00:00.000
28935, 4, 2007, 4, 10,2007/04/11 10:00:00.000
28955, 2, 2007, 5, 8,2007/02/01 08:00:00.000
29095, 2, 2007, 5, 12,2007/02/08 12:00:00.000
29159, 1, 2007, 2, 20,2007/01/15 20:00:00.000
29161, 4, 2007, 7, 8,2007/04/21 08:00:00.000
29175, 4, 2007, 5, 12,2007/04/26 12:00:00.000
29195, 5, 2007, 7, 16,2007/05/05 16:00:00.000
29215, 5, 2007, 5, 10,2007/05/17 10:00:00.000
29216, 3, 2007, 4, 20,2007/03/07 20:00:00.000
29218, 4, 2007, 4, 12,2007/04/11 12:00:00.000
29255, 5, 2007, 3, 11,2007/05/15 11:00:00.000
29275, 12, 2006, 6, 18,2006/12/22 18:00:00.000
29495, 6, 2007, 7, 12,2007/06/16 12:00:00.000
29535, 6, 2007, 6, 16,2007/06/15 16:00:00.000
29555, 6, 2007, 6, 16,2007/06/15 16:00:00.000
29618, 6, 2007, 7, 13,2007/06/16 13:00:00.000
29619, 6, 2007, 4, 15,2007/06/20 15:00:00.000
29620, 9, 2006, 4, 23,2006/09/13 23:00:00.000
29655, 7, 2007, 1, 17,2007/07/08 17:00:00.000
29677, 4, 2007, 6, 17,2007/04/27 17:00:00.000
29678, 3, 2007, 2, 17,2007/03/19 17:00:00.000
29735, 7, 2007, 1, 3,2007/07/01 03:00:00.000
29736, 6, 2007, 6, 11,2007/06/15 11:00:00.000
29796, 7, 2007, 4, 10,2007/07/11 10:00:00.000
29855, 6, 2007, 7, 14,2007/06/30 14:00:00.000
29858, 7, 2007, 6, 15,2007/07/13 15:00:00.000
29859, 7, 2007, 3, 21,2007/07/17 21:00:00.000
29860, 7, 2007, 2, 15,2007/07/16 15:00:00.000
29861, 7, 2007, 7, 18,2007/07/21 18:00:00.000
29895, 7, 2007, 7, 11,2007/07/21 11:00:00.000
29915, 7, 2007, 5, 8,2007/07/05 08:00:00.000
29916, 6, 2007, 3, 20,2007/06/12 20:00:00.000
29918, 7, 2007, 3, 19,2007/07/24 19:00:00.000
29936, 7, 2007, 5, 9,2007/07/26 09:00:00.000
29955, 8, 2007, 4, 18,2007/08/01 18:00:00.000
29975, 6, 2006, 1, 13,2006/06/04 13:00:00.000
29976, 7, 2006, 6, 13,2006/07/07 13:00:00.000
29977, 8, 2006, 5, 20,2006/08/24 20:00:00.000
29995, 8, 2007, 4, 15,2007/08/01 15:00:00.000
30016, 7, 2007, 2, 16,2007/07/16 16:00:00.000
30035, 3, 2007, 6, 23,2007/03/09 23:00:00.000
30036, 3, 2007, 3, 23,2007/03/06 23:00:00.000
30037, 2, 2007, 5, 20,2007/02/01 20:00:00.000
30039, 4, 2007, 3, 11,2007/04/03 11:00:00.000
30040, 3, 2007, 6, 19,2007/03/23 19:00:00.000
30041, 3, 2007, 6, 20,2007/03/16 20:00:00.000
30044, 7, 2007, 7, 12,2007/07/14 12:00:00.000
30045, 7, 2007, 5, 16,2007/07/12 16:00:00.000
30179, 8, 2007, 6, 19,2007/08/10 19:00:00.000
30180, 8, 2007, 5, 12,2007/08/09 12:00:00.000
30181, 8, 2007, 5, 17,2007/08/09 17:00:00.000
30250, 8, 2007, 3, 20,2007/08/07 20:00:00.000
30316, 8, 2007, 4, 3,2007/08/22 03:00:00.000
30335, 8, 2007, 3, 14,2007/08/21 14:00:00.000
30375, 9, 2006, 6, 19,2006/09/29 19:00:00.000
30375, 9, 2006, 6, 19,2006/09/29 19:00:00.000
30417, 9, 2007, 1, 17,2007/09/02 17:00:00.000
30475, 9, 2007, 2, 17,2007/09/03 17:00:00.000
30535, 9, 2007, 3, 19,2007/09/11 19:00:00.000
30555, 9, 2007, 2, 16,2007/09/17 16:00:00.000
30556, 9, 2007, 5, 10,2007/09/20 10:00:00.000
30595, 9, 2007, 4, 13,2007/09/19 13:00:00.000
30636, 9, 2007, 6, 14,2007/09/21 14:00:00.000
30640, 9, 2007, 7, 14,2007/09/22 14:00:00.000
30655, 10, 2007, 6, 19,2007/10/05 19:00:00.000
30656, 9, 2007, 1, 19,2007/09/16 19:00:00.000
30658, 9, 2007, 2, 14,2007/09/03 14:00:00.000
30677, 9, 2007, 4, 18,2007/09/26 18:00:00.000
30680, 9, 2007, 3, 16,2007/09/11 16:00:00.000
30681, 10, 2007, 1, 20,2007/10/07 20:00:00.000
30879, 10, 2007, 4, 20,2007/10/17 20:00:00.000
30895, 10, 2007, 4, 10,2007/10/31 10:00:00.000
30896, 10, 2007, 4, 19,2007/10/24 19:00:00.000
30915, 2, 2007, 6, 0,2007/02/16 00:00:00.000
30979, 9, 2006, 3, 9,2006/09/19 09:00:00.000
31036, 11, 2007, 2, 19,2007/11/05 19:00:00.000
31038, 11, 2007, 4, 18,2007/11/07 18:00:00.000
31076, 12, 2007, 4, 9,2007/12/05 09:00:00.000
31077, 11, 2007, 6, 12,2007/11/16 12:00:00.000
31078, 11, 2007, 1, 16,2007/11/04 16:00:00.000
31079, 11, 2007, 5, 21,2007/11/22 21:00:00.000
31080, 11, 2007, 6, 12,2007/11/23 12:00:00.000
31081, 11, 2007, 4, 9,2007/11/21 09:00:00.000
31128, 11, 2007, 5, 18,2007/11/01 18:00:00.000
31129, 11, 2007, 5, 13,2007/11/22 13:00:00.000
31197, 11, 2007, 5, 17,2007/11/01 17:00:00.000
31255, 10, 2007, 4, 14,2007/10/03 14:00:00.000
31275, 12, 2007, 7, 12,2007/12/22 12:00:00.000
31276, 12, 2007, 7, 22,2007/12/15 22:00:00.000
31277, 12, 2007, 7, 13,2007/12/08 13:00:00.000
31278, 12, 2007, 2, 19,2007/12/17 19:00:00.000
31315, 12, 2007, 1, 19,2007/12/30 19:00:00.000
31316, 12, 2007, 4, 11,2007/12/19 11:00:00.000
31335, 11, 2007, 2, 20,2007/11/26 20:00:00.000
31375, 9, 2007, 6, 0,2007/09/28 00:00:00.000
31377, 12, 2007, 5, 20,2007/12/20 20:00:00.000
31379, 1, 2008, 6, 11,2008/01/11 11:00:00.000
31395, 1, 2008, 3, 11,2008/01/15 11:00:00.000
31396, 1, 2008, 7, 9,2008/01/05 09:00:00.000
31415, 11, 2007, 5, 13,2007/11/01 13:00:00.000
31416, 11, 2007, 2, 11,2007/11/05 11:00:00.000
31435, 12, 2007, 7, 20,2007/12/29 20:00:00.000
31455, 1, 2008, 2, 13,2008/01/21 13:00:00.000
31456, 1, 2008, 5, 22,2008/01/31 22:00:00.000
31475, 1, 2008, 1, 19,2008/01/06 19:00:00.000
31595, 1, 2008, 3, 13,2008/01/08 13:00:00.000
31635, 1, 2006, 1, 23,2006/01/08 23:00:00.000
31675, 2, 2008, 3, 20,2008/02/05 20:00:00.000
31676, 2, 2008, 1, 12,2008/02/10 12:00:00.000
31695, 2, 2008, 7, 9,2008/02/09 09:00:00.000
31715, 2, 2008, 2, 15,2008/02/11 15:00:00.000
31855, 2, 2008, 3, 19,2008/02/26 19:00:00.000
31856, 1, 2008, 4, 12,2008/01/23 12:00:00.000
31857, 1, 2008, 6, 14,2008/01/04 14:00:00.000
31858, 2, 2008, 7, 14,2008/02/23 14:00:00.000
31859, 3, 2008, 6, 13,2008/03/07 13:00:00.000
31860, 1, 2008, 5, 13,2008/01/24 13:00:00.000
31861, 3, 2008, 7, 14,2008/03/01 14:00:00.000
31863, 2, 2008, 4, 20,2008/02/06 20:00:00.000
31864, 3, 2008, 1, 14,2008/03/02 14:00:00.000
31865, 2, 2008, 2, 15,2008/02/04 15:00:00.000
31866, 2, 2008, 3, 13,2008/02/12 13:00:00.000
31867, 1, 2008, 6, 21,2008/01/11 21:00:00.000
31868, 1, 2008, 7, 12,2008/01/26 12:00:00.000
31869, 1, 2008, 3, 3,2008/01/29 03:00:00.000
31871, 2, 2008, 7, 11,2008/02/23 11:00:00.000
31875, 2, 2008, 1, 13,2008/02/17 13:00:00.000
31975, 3, 2008, 2, 14,2008/03/17 14:00:00.000
31979, 3, 2008, 5, 1,2008/03/20 01:00:00.000
31995, 3, 2008, 7, 19,2008/03/01 19:00:00.000
32018, 3, 2008, 4, 19,2008/03/26 19:00:00.000
32035, 3, 2008, 1, 10,2008/03/30 10:00:00.000
32036, 4, 2008, 3, 7,2008/04/01 07:00:00.000
32055, 4, 2008, 5, 18,2008/04/03 18:00:00.000
32076, 4, 2008, 4, 18,2008/04/02 18:00:00.000
32137, 4, 2008, 5, 16,2008/04/03 16:00:00.000
32155, 2, 2008, 7, 13,2008/02/02 13:00:00.000
32156, 1, 2008, 4, 18,2008/01/30 18:00:00.000
32195, 4, 2008, 4, 21,2008/04/09 21:00:00.000
32196, 4, 2008, 4, 20,2008/04/09 20:00:00.000
32284, 4, 2008, 5, 11,2008/04/17 11:00:00.000
32355, 3, 2008, 2, 9,2008/03/31 09:00:00.000
32375, 3, 2008, 1, 20,2008/03/23 20:00:00.000
32376, 4, 2008, 7, 21,2008/04/19 21:00:00.000
32377, 4, 2008, 2, 19,2008/04/21 19:00:00.000
32378, 4, 2008, 2, 19,2008/04/21 19:00:00.000
32379, 4, 2008, 4, 22,2008/04/30 22:00:00.000
32380, 5, 2008, 1, 20,2008/05/04 20:00:00.000
32478, 5, 2008, 2, 1,2008/05/05 01:00:00.000
32579, 6, 2008, 7, 14,2008/06/07 14:00:00.000
32615, 6, 2008, 3, 20,2008/06/10 20:00:00.000
32635, 3, 2007, 4, 20,2007/03/14 20:00:00.000
32638, 4, 2008, 7, 0,2008/04/05 00:00:00.000
32641, 6, 2008, 4, 11,2008/06/11 11:00:00.000
32642, 5, 2008, 4, 10,2008/05/28 10:00:00.000
32655, 5, 2008, 5, 20,2008/05/15 20:00:00.000
32675, 5, 2008, 4, 19,2008/05/14 19:00:00.000
32676, 5, 2008, 6, 20,2008/05/02 20:00:00.000
32916, 6, 2008, 2, 20,2008/06/23 20:00:00.000
33024, 6, 2008, 6, 23,2008/06/20 23:00:00.000
33035, 7, 2008, 3, 10,2008/07/01 10:00:00.000
33077, 7, 2008, 3, 0,2008/07/01 00:00:00.000
33218, 7, 2008, 4, 14,2008/07/09 14:00:00.000
33219, 7, 2008, 5, 21,2008/07/03 21:00:00.000
33221, 7, 2008, 4, 13,2008/07/09 13:00:00.000
33223, 7, 2008, 5, 20,2008/07/10 20:00:00.000
33275, 7, 2008, 6, 18,2008/07/11 18:00:00.000
33278, 7, 2008, 6, 13,2008/07/11 13:00:00.000
33315, 7, 2008, 3, 14,2008/07/15 14:00:00.000
33335, 7, 2008, 1, 14,2008/07/13 14:00:00.000
33378, 12, 2007, 6, 12,2007/12/21 12:00:00.000
33435, 4, 2007, 3, 12,2007/04/10 12:00:00.000
33480, 2, 2007, 1, 20,2007/02/25 20:00:00.000
33695, 9, 2006, 7, 18,2006/09/30 18:00:00.000
33715, 10, 2006, 3, 0,2006/10/31 00:00:00.000
33835, 10, 2008, 6, 21,2008/10/10 21:00:00.000
33836, 10, 2008, 6, 14,2008/10/10 14:00:00.000
33855, 10, 2008, 1, 13,2008/10/12 13:00:00.000
33856, 10, 2008, 6, 19,2008/10/10 19:00:00.000
33918, 10, 2008, 1, 18,2008/10/05 18:00:00.000
34016, 10, 2008, 1, 21,2008/10/12 21:00:00.000
34037, 10, 2008, 3, 10,2008/10/14 10:00:00.000
34038, 6, 2008, 6, 16,2008/06/13 16:00:00.000
34040, 8, 2008, 2, 10,2008/08/04 10:00:00.000
34075, 3, 2008, 4, 16,2008/03/05 16:00:00.000
34076, 7, 2008, 7, 20,2008/07/19 20:00:00.000
34077, 8, 2008, 4, 22,2008/08/27 22:00:00.000
34078, 8, 2008, 5, 15,2008/08/07 15:00:00.000
34079, 9, 2008, 4, 12,2008/09/03 12:00:00.000
34080, 8, 2008, 3, 19,2008/08/05 19:00:00.000
34081, 7, 2008, 4, 0,2008/07/02 00:00:00.000
34082, 8, 2008, 3, 16,2008/08/05 16:00:00.000
34083, 9, 2008, 5, 19,2008/09/11 19:00:00.000
34095, 9, 2008, 2, 19,2008/09/08 19:00:00.000
34096, 9, 2008, 6, 16,2008/09/12 16:00:00.000
34257, 10, 2008, 4, 14,2008/10/22 14:00:00.000
34296, 9, 2008, 6, 14,2008/09/05 14:00:00.000
34339, 10, 2008, 7, 19,2008/10/25 19:00:00.000
34340, 10, 2008, 2, 18,2008/10/27 18:00:00.000
34415, 11, 2008, 4, 12,2008/11/05 12:00:00.000
34416, 11, 2008, 7, 19,2008/11/01 19:00:00.000
34435, 10, 2008, 4, 20,2008/10/15 20:00:00.000
34495, 11, 2008, 1, 13,2008/11/30 13:00:00.000
34496, 10, 2008, 3, 17,2008/10/28 17:00:00.000
34497, 11, 2008, 1, 12,2008/11/02 12:00:00.000
34498, 11, 2008, 4, 12,2008/11/05 12:00:00.000
34500, 11, 2008, 6, 9,2008/11/07 09:00:00.000
34501, 11, 2008, 1, 14,2008/11/23 14:00:00.000
34502, 11, 2008, 7, 12,2008/11/22 12:00:00.000
34503, 11, 2008, 4, 13,2008/11/26 13:00:00.000
34515, 11, 2008, 1, 12,2008/11/16 12:00:00.000
34516, 11, 2008, 7, 13,2008/11/15 13:00:00.000
34518, 11, 2008, 3, 14,2008/11/11 14:00:00.000
34535, 11, 2008, 7, 20,2008/11/08 20:00:00.000
34536, 11, 2008, 6, 13,2008/11/07 13:00:00.000
34537, 11, 2008, 1, 16,2008/11/30 16:00:00.000
34538, 12, 2008, 4, 19,2008/12/03 19:00:00.000
34539, 12, 2008, 1, 11,2008/12/07 11:00:00.000
34540, 12, 2008, 1, 20,2008/12/07 20:00:00.000
34555, 11, 2008, 6, 20,2008/11/28 20:00:00.000
34575, 9, 2008, 1, 20,2008/09/14 20:00:00.000
34639, 11, 2008, 3, 17,2008/11/25 17:00:00.000
34646, 11, 2008, 6, 20,2008/11/14 20:00:00.000
34650, 12, 2008, 2, 20,2008/12/01 20:00:00.000
34651, 12, 2008, 6, 9,2008/12/05 09:00:00.000
34656, 12, 2008, 5, 12,2008/12/11 12:00:00.000
34659, 12, 2008, 2, 17,2008/12/08 17:00:00.000
34696, 11, 2008, 7, 4,2008/11/01 04:00:00.000
34739, 11, 2008, 5, 12,2008/11/27 12:00:00.000
34755, 12, 2007, 2, 18,2007/12/17 18:00:00.000
34775, 12, 2008, 2, 14,2008/12/08 14:00:00.000
34776, 12, 2008, 5, 17,2008/12/04 17:00:00.000
34836, 12, 2008, 2, 11,2008/12/29 11:00:00.000
34838, 12, 2008, 3, 12,2008/12/30 12:00:00.000
34840, 10, 2008, 2, 12,2008/10/20 12:00:00.000
34841, 10, 2008, 5, 18,2008/10/30 18:00:00.000
34842, 12, 2008, 3, 16,2008/12/23 16:00:00.000
34844, 12, 2008, 7, 12,2008/12/27 12:00:00.000
34855, 11, 2008, 2, 17,2008/11/10 17:00:00.000
34856, 12, 2008, 5, 12,2008/12/18 12:00:00.000
34858, 12, 2008, 5, 10,2008/12/18 10:00:00.000
34897, 12, 2008, 1, 15,2008/12/14 15:00:00.000
34898, 12, 2008, 2, 17,2008/12/15 17:00:00.000
34915, 2, 2009, 4, 10,2009/02/04 10:00:00.000
34935, 2, 2009, 7, 17,2009/02/07 17:00:00.000
34936, 1, 2009, 2, 17,2009/01/05 17:00:00.000
34955, 1, 2009, 3, 12,2009/01/27 12:00:00.000
34956, 1, 2009, 7, 12,2009/01/10 12:00:00.000
34978, 11, 2008, 2, 4,2008/11/24 04:00:00.000
35016, 1, 2009, 5, 15,2009/01/01 15:00:00.000
35035, 1, 2009, 2, 9,2009/01/05 09:00:00.000
35036, 1, 2009, 6, 10,2009/01/02 10:00:00.000
35055, 1, 2009, 2, 14,2009/01/12 14:00:00.000
35056, 1, 2009, 6, 11,2009/01/09 11:00:00.000
35057, 1, 2009, 5, 0,2009/01/08 00:00:00.000
35175, 2, 2009, 1, 21,2009/02/08 21:00:00.000
35176, 2, 2009, 2, 18,2009/02/16 18:00:00.000
35182, 2, 2009, 5, 10,2009/02/19 10:00:00.000
35195, 2, 2009, 1, 13,2009/02/15 13:00:00.000
35255, 2, 2009, 5, 12,2009/02/19 12:00:00.000
35256, 2, 2009, 2, 18,2009/02/09 18:00:00.000
35275, 12, 2008, 2, 12,2008/12/15 12:00:00.000
35477, 2, 2009, 1, 12,2009/02/01 12:00:00.000
35495, 12, 2008, 7, 20,2008/12/27 20:00:00.000
35515, 3, 2009, 2, 15,2009/03/02 15:00:00.000
35555, 3, 2009, 5, 18,2009/03/12 18:00:00.000
35556, 2, 2009, 4, 15,2009/02/04 15:00:00.000
35587, 3, 2009, 1, 21,2009/03/08 21:00:00.000
35588, 3, 2009, 1, 21,2009/03/08 21:00:00.000
35602, 1, 2009, 7, 0,2009/01/31 00:00:00.000
35657, 1, 2009, 6, 14,2009/01/30 14:00:00.000
35675, 1, 2009, 3, 19,2009/01/13 19:00:00.000
35679, 1, 2009, 1, 18,2009/01/25 18:00:00.000
35680, 1, 2009, 3, 19,2009/01/13 19:00:00.000
35682, 1, 2009, 4, 14,2009/01/21 14:00:00.000
35683, 1, 2009, 7, 13,2009/01/17 13:00:00.000
35796, 1, 2009, 2, 23,2009/01/26 23:00:00.000
35798, 1, 2009, 4, 20,2009/01/28 20:00:00.000
35943, 9, 2008, 6, 20,2008/09/26 20:00:00.000
36035, 8, 2007, 7, 18,2007/08/04 18:00:00.000
36055, 3, 2009, 3, 18,2009/03/03 18:00:00.000
36056, 3, 2009, 7, 17,2009/03/14 17:00:00.000
36075, 3, 2009, 2, 18,2009/03/16 18:00:00.000
36076, 3, 2009, 5, 10,2009/03/12 10:00:00.000
36097, 3, 2009, 6, 19,2009/03/20 19:00:00.000
36116, 3, 2009, 5, 4,2009/03/26 04:00:00.000
36138, 3, 2009, 2, 17,2009/03/16 17:00:00.000
36215, 3, 2009, 1, 15,2009/03/29 15:00:00.000
36216, 4, 2009, 4, 14,2009/04/01 14:00:00.000
36217, 3, 2009, 1, 13,2009/03/29 13:00:00.000
36284, 8, 2008, 3, 0,2008/08/26 00:00:00.000
36346, 10, 2008, 4, 21,2008/10/08 21:00:00.000
36373, 9, 2008, 6, 15,2008/09/05 15:00:00.000
36495, 3, 2008, 6, 16,2008/03/14 16:00:00.000
36576, 1, 2008, 1, 5,2008/01/20 05:00:00.000
36657, 4, 2009, 5, 15,2009/04/02 15:00:00.000
36676, 3, 2009, 2, 18,2009/03/30 18:00:00.000
36777, 1, 2009, 4, 12,2009/01/07 12:00:00.000
36795, 3, 2009, 1, 16,2009/03/29 16:00:00.000
36842, 4, 2009, 4, 13,2009/04/08 13:00:00.000
36868, 1, 2009, 7, 19,2009/01/24 19:00:00.000
36874, 4, 2009, 6, 17,2009/04/17 17:00:00.000
36917, 4, 2009, 1, 15,2009/04/12 15:00:00.000
37019, 4, 2009, 7, 19,2009/04/25 19:00:00.000
37020, 4, 2009, 1, 17,2009/04/26 17:00:00.000
37180, 1, 2009, 1, 22,2009/01/11 22:00:00.000
37182, 5, 2009, 6, 10,2009/05/01 10:00:00.000
37183, 4, 2009, 5, 15,2009/04/30 15:00:00.000
37235, 4, 2009, 5, 19,2009/04/30 19:00:00.000
37357, 5, 2009, 6, 21,2009/05/22 21:00:00.000
37375, 5, 2009, 6, 15,2009/05/08 15:00:00.000
37376, 5, 2009, 2, 22,2009/05/25 22:00:00.000
37377, 4, 2009, 7, 17,2009/04/18 17:00:00.000
37378, 5, 2009, 4, 12,2009/05/06 12:00:00.000
37379, 5, 2009, 5, 21,2009/05/14 21:00:00.000
37435, 5, 2009, 5, 20,2009/05/07 20:00:00.000
37459, 5, 2009, 2, 20,2009/05/18 20:00:00.000
37535, 6, 2009, 3, 20,2009/06/02 20:00:00.000
37536, 5, 2009, 7, 13,2009/05/16 13:00:00.000
37555, 4, 2009, 5, 9,2009/04/30 09:00:00.000
37577, 5, 2009, 6, 23,2009/05/22 23:00:00.000
37578, 6, 2009, 7, 15,2009/06/13 15:00:00.000
37796, 6, 2009, 5, 18,2009/06/18 18:00:00.000
37797, 6, 2009, 6, 14,2009/06/12 14:00:00.000
37815, 6, 2009, 7, 17,2009/06/06 17:00:00.000
37876, 6, 2009, 1, 20,2009/06/14 20:00:00.000
38055, 7, 2009, 3, 15,2009/07/07 15:00:00.000
38075, 7, 2009, 1, 12,2009/07/12 12:00:00.000
38176, 6, 2009, 6, 17,2009/06/26 17:00:00.000
38255, 7, 2009, 6, 18,2009/07/03 18:00:00.000
38278, 7, 2009, 7, 14,2009/07/18 14:00:00.000
38279, 7, 2009, 3, 18,2009/07/07 18:00:00.000
38280, 7, 2009, 1, 14,2009/07/19 14:00:00.000
38316, 7, 2009, 3, 18,2009/07/28 18:00:00.000
38335, 7, 2009, 3, 20,2009/07/14 20:00:00.000
38358, 7, 2009, 6, 11,2009/07/31 11:00:00.000
38359, 8, 2009, 6, 20,2009/08/07 20:00:00.000
38375, 6, 2009, 2, 20,2009/06/29 20:00:00.000
38376, 7, 2009, 4, 14,2009/07/22 14:00:00.000
38377, 11, 2007, 6, 14,2007/11/02 14:00:00.000
38378, 8, 2009, 4, 15,2009/08/05 15:00:00.000
38379, 8, 2009, 7, 17,2009/08/08 17:00:00.000
38416, 8, 2009, 7, 3,2009/08/22 03:00:00.000
38417, 8, 2009, 6, 13,2009/08/28 13:00:00.000
38419, 8, 2009, 4, 18,2009/08/26 18:00:00.000
38419, 8, 2009, 4, 18,2009/08/26 18:00:00.000
38419, 8, 2009, 4, 18,2009/08/26 18:00:00.000
38419, 8, 2009, 4, 18,2009/08/26 18:00:00.000
38420, 8, 2009, 6, 11,2009/08/21 11:00:00.000
38421, 8, 2009, 4, 18,2009/08/26 18:00:00.000
38423, 8, 2009, 5, 17,2009/08/27 17:00:00.000
38425, 8, 2009, 5, 15,2009/08/27 15:00:00.000
38426, 8, 2009, 1, 18,2009/08/30 18:00:00.000
38475, 11, 2008, 6, 16,2008/11/28 16:00:00.000
38495, 4, 2009, 3, 15,2009/04/21 15:00:00.000
38577, 9, 2009, 3, 21,2009/09/08 21:00:00.000
38578, 9, 2009, 5, 22,2009/09/03 22:00:00.000
38579, 8, 2009, 7, 20,2009/08/22 20:00:00.000
38635, 9, 2009, 4, 13,2009/09/23 13:00:00.000
38636, 9, 2009, 4, 0,2009/09/23 00:00:00.000
38638, 9, 2009, 2, 12,2009/09/21 12:00:00.000
38639, 9, 2009, 2, 19,2009/09/21 19:00:00.000
38641, 9, 2009, 6, 17,2009/09/25 17:00:00.000
38643, 9, 2009, 5, 15,2009/09/24 15:00:00.000
38644, 9, 2009, 3, 21,2009/09/29 21:00:00.000
38645, 10, 2009, 3, 11,2009/10/06 11:00:00.000
38646, 10, 2009, 1, 18,2009/10/04 18:00:00.000
38647, 9, 2009, 5, 13,2009/09/24 13:00:00.000
38655, 10, 2009, 2, 18,2009/10/19 18:00:00.000
38656, 10, 2009, 7, 11,2009/10/10 11:00:00.000
38657, 10, 2009, 7, 14,2009/10/17 14:00:00.000
38658, 10, 2009, 4, 21,2009/10/14 21:00:00.000
38659, 10, 2009, 3, 18,2009/10/20 18:00:00.000
38660, 10, 2009, 2, 16,2009/10/12 16:00:00.000
38675, 10, 2009, 3, 20,2009/10/27 20:00:00.000
38676, 10, 2009, 2, 21,2009/10/19 21:00:00.000
38677, 10, 2009, 4, 11,2009/10/28 11:00:00.000
38815, 12, 2009, 1, 21,2009/12/20 21:00:00.000
38816, 11, 2009, 7, 14,2009/11/28 14:00:00.000
38818, 12, 2009, 5, 14,2009/12/17 14:00:00.000
38819, 12, 2009, 4, 15,2009/12/16 15:00:00.000
38820, 12, 2009, 6, 18,2009/12/04 18:00:00.000
38835, 12, 2009, 3, 14,2009/12/29 14:00:00.000
38837, 10, 2009, 7, 15,2009/10/10 15:00:00.000
38838, 11, 2009, 4, 17,2009/11/04 17:00:00.000
38839, 11, 2009, 1, 19,2009/11/22 19:00:00.000
38840, 11, 2009, 6, 10,2009/11/13 10:00:00.000
38841, 11, 2009, 2, 13,2009/11/23 13:00:00.000
38842, 11, 2009, 3, 16,2009/11/24 16:00:00.000
38843, 12, 2009, 6, 23,2009/12/25 23:00:00.000
38844, 12, 2009, 3, 22,2009/12/22 22:00:00.000
38845, 12, 2009, 4, 15,2009/12/23 15:00:00.000
38846, 12, 2009, 3, 10,2009/12/29 10:00:00.000
38855, 12, 2009, 2, 17,2009/12/28 17:00:00.000
38856, 12, 2009, 4, 16,2009/12/23 16:00:00.000
38875, 12, 2009, 1, 17,2009/12/20 17:00:00.000
38896, 11, 2009, 4, 10,2009/11/25 10:00:00.000
38915, 10, 2009, 4, 20,2009/10/07 20:00:00.000
38936, 11, 2009, 7, 14,2009/11/28 14:00:00.000
38959, 12, 2009, 7, 19,2009/12/12 19:00:00.000
38995, 12, 2009, 5, 9,2009/12/17 09:00:00.000
39015, 11, 2009, 5, 20,2009/11/19 20:00:00.000
39115, 2, 2010, 1, 17,2010/02/07 17:00:00.000
39156, 1, 2010, 1, 23,2010/01/10 23:00:00.000
39235, 2, 2010, 7, 17,2010/02/06 17:00:00.000
39255, 10, 2009, 1, 21,2009/10/11 21:00:00.000
39275, 2, 2010, 4, 9,2010/02/10 09:00:00.000
39295, 2, 2010, 7, 21,2010/02/06 21:00:00.000
39315, 1, 2010, 6, 20,2010/01/15 20:00:00.000
39316, 2, 2010, 5, 17,2010/02/04 17:00:00.000
39317, 2, 2010, 4, 13,2010/02/24 13:00:00.000
39318, 1, 2010, 2, 16,2010/01/25 16:00:00.000
39319, 1, 2010, 4, 11,2010/01/27 11:00:00.000
39320, 1, 2010, 3, 18,2010/01/19 18:00:00.000
39321, 1, 2010, 7, 13,2010/01/23 13:00:00.000
39322, 1, 2010, 3, 13,2010/01/26 13:00:00.000
39323, 1, 2010, 1, 16,2010/01/24 16:00:00.000
39326, 10, 2009, 7, 13,2009/10/17 13:00:00.000
39385, 2, 2010, 1, 17,2010/02/21 17:00:00.000
39405, 2, 2010, 1, 11,2010/02/07 11:00:00.000
39487, 1, 2010, 3, 16,2010/01/26 16:00:00.000
39507, 1, 2010, 2, 17,2010/01/11 17:00:00.000
39527, 1, 2010, 2, 16,2010/01/04 16:00:00.000
39687, 1, 2010, 5, 11,2010/01/28 11:00:00.000
39707, 1, 2010, 7, 12,2010/01/09 12:00:00.000
39709, 1, 2010, 7, 16,2010/01/23 16:00:00.000
39711, 1, 2010, 1, 20,2010/01/10 20:00:00.000
39727, 2, 2010, 3, 20,2010/02/23 20:00:00.000
39887, 3, 2010, 3, 17,2010/03/09 17:00:00.000
39913, 3, 2010, 4, 6,2010/03/10 06:00:00.000
39916, 3, 2010, 1, 19,2010/03/07 19:00:00.000
39930, 2, 2010, 3, 16,2010/02/16 16:00:00.000
39933, 2, 2010, 6, 11,2010/02/26 11:00:00.000
39992, 2, 2010, 4, 20,2010/02/17 20:00:00.000
39993, 3, 2010, 5, 12,2010/03/11 12:00:00.000
40047, 2, 2006, 3, 21,2006/02/21 21:00:00.000
40067, 11, 2009, 4, 19,2009/11/18 19:00:00.000
40069, 1, 2010, 1, 15,2010/01/10 15:00:00.000
40074, 9, 2009, 4, 12,2009/09/09 12:00:00.000
40087, 3, 2010, 6, 10,2010/03/26 10:00:00.000
40088, 3, 2010, 6, 13,2010/03/19 13:00:00.000
40089, 3, 2010, 1, 15,2010/03/28 15:00:00.000
40107, 1, 2010, 3, 14,2010/01/12 14:00:00.000
40127, 9, 2009, 4, 21,2009/09/02 21:00:00.000
40147, 4, 2010, 5, 14,2010/04/08 14:00:00.000
40148, 3, 2010, 6, 19,2010/03/19 19:00:00.000
40149, 3, 2010, 1, 20,2010/03/21 20:00:00.000
40150, 3, 2010, 4, 17,2010/03/10 17:00:00.000
40169, 12, 2009, 7, 19,2009/12/26 19:00:00.000
40171, 4, 2010, 4, 18,2010/04/07 18:00:00.000
40213, 4, 2010, 6, 21,2010/04/09 21:00:00.000
40214, 4, 2010, 2, 19,2010/04/12 19:00:00.000
40250, 4, 2010, 5, 20,2010/04/08 20:00:00.000
40264, 4, 2010, 3, 16,2010/04/20 16:00:00.000
40267, 4, 2010, 1, 11,2010/04/04 11:00:00.000
40269, 4, 2010, 4, 19,2010/04/07 19:00:00.000
40270, 4, 2010, 5, 20,2010/04/15 20:00:00.000
40271, 4, 2010, 4, 11,2010/04/21 11:00:00.000
40316, 2, 2010, 6, 14,2010/02/26 14:00:00.000
40325, 2, 2010, 6, 10,2010/02/19 10:00:00.000
40328, 4, 2010, 5, 17,2010/04/15 17:00:00.000
40350, 4, 2010, 7, 20,2010/04/17 20:00:00.000
40357, 11, 2009, 7, 20,2009/11/07 20:00:00.000
40358, 12, 2009, 1, 22,2009/12/20 22:00:00.000
40368, 11, 2009, 5, 17,2009/11/12 17:00:00.000
40369, 11, 2009, 2, 10,2009/11/16 10:00:00.000
40370, 10, 2009, 7, 14,2009/10/17 14:00:00.000
40412, 4, 2010, 6, 21,2010/04/16 21:00:00.000
40447, 4, 2010, 4, 18,2010/04/21 18:00:00.000
40554, 4, 2010, 3, 18,2010/04/27 18:00:00.000
40572, 4, 2010, 4, 14,2010/04/28 14:00:00.000
40573, 5, 2010, 7, 15,2010/05/01 15:00:00.000
40620, 5, 2010, 5, 15,2010/05/06 15:00:00.000
40621, 5, 2010, 4, 21,2010/05/05 21:00:00.000
40652, 4, 2010, 6, 19,2010/04/30 19:00:00.000
40732, 5, 2010, 7, 15,2010/05/08 15:00:00.000
40793, 5, 2010, 6, 16,2010/05/07 16:00:00.000
40823, 5, 2010, 1, 18,2010/05/09 18:00:00.000
40839, 5, 2010, 2, 20,2010/05/10 20:00:00.000
40843, 5, 2010, 7, 18,2010/05/08 18:00:00.000
40855, 5, 2010, 5, 18,2010/05/13 18:00:00.000
40933, 5, 2010, 7, 20,2010/05/15 20:00:00.000
41053, 5, 2010, 4, 8,2010/05/19 08:00:00.000
41155, 5, 2010, 5, 19,2010/05/20 19:00:00.000
41177, 5, 2010, 5, 20,2010/05/20 20:00:00.000
41179, 5, 2010, 5, 22,2010/05/20 22:00:00.000
41236, 5, 2010, 7, 9,2010/05/29 09:00:00.000
41274, 5, 2010, 5, 12,2010/05/27 12:00:00.000
41374, 5, 2010, 4, 14,2010/05/26 14:00:00.000
41377, 2, 2010, 1, 17,2010/02/14 17:00:00.000
41409, 5, 2010, 2, 14,2010/05/17 14:00:00.000
41411, 6, 2010, 3, 19,2010/06/08 19:00:00.000
41482, 6, 2010, 5, 16,2010/06/03 16:00:00.000
41488, 6, 2010, 1, 12,2010/06/13 12:00:00.000
41552, 6, 2010, 2, 14,2010/06/14 14:00:00.000
41569, 6, 2010, 7, 23,2010/06/12 23:00:00.000
41578, 6, 2010, 3, 20,2010/06/15 20:00:00.000
41670, 6, 2010, 2, 12,2010/06/28 12:00:00.000
41689, 1, 2007, 3, 21,2007/01/23 21:00:00.000
41729, 6, 2010, 6, 13,2010/06/25 13:00:00.000
41749, 7, 2010, 1, 20,2010/07/04 20:00:00.000
41750, 7, 2010, 2, 19,2010/07/12 19:00:00.000
41751, 7, 2010, 7, 18,2010/07/10 18:00:00.000
41789, 7, 2010, 7, 13,2010/07/10 13:00:00.000
41829, 6, 2010, 3, 19,2010/06/29 19:00:00.000
41832, 7, 2010, 2, 22,2010/07/05 22:00:00.000
41834, 7, 2010, 7, 20,2010/07/10 20:00:00.000
41850, 7, 2010, 5, 17,2010/07/15 17:00:00.000
41898, 6, 2010, 1, 17,2010/06/27 17:00:00.000
41900, 7, 2010, 6, 19,2010/07/16 19:00:00.000
41916, 7, 2010, 1, 16,2010/07/18 16:00:00.000
41917, 7, 2010, 2, 18,2010/07/19 18:00:00.000
41960, 7, 2010, 3, 15,2010/07/20 15:00:00.000
42001, 7, 2010, 7, 18,2010/07/24 18:00:00.000
42071, 7, 2010, 7, 10,2010/07/24 10:00:00.000
42250, 8, 2010, 5, 12,2010/08/12 12:00:00.000
42251, 8, 2010, 5, 18,2010/08/05 18:00:00.000
42287, 8, 2010, 6, 20,2010/08/06 20:00:00.000
42289, 7, 2010, 5, 20,2010/07/29 20:00:00.000
42303, 8, 2010, 7, 20,2010/08/07 20:00:00.000
42323, 8, 2010, 5, 12,2010/08/05 12:00:00.000
42365, 1, 2007, 1, 3,2007/01/14 03:00:00.000
42368, 8, 2010, 3, 11,2010/08/24 11:00:00.000
42386, 8, 2010, 4, 17,2010/08/25 17:00:00.000
42387, 7, 2010, 7, 17,2010/07/24 17:00:00.000
42388, 8, 2010, 3, 19,2010/08/24 19:00:00.000
42427, 8, 2010, 3, 0,2010/08/10 00:00:00.000
42449, 8, 2010, 3, 16,2010/08/03 16:00:00.000
42565, 8, 2010, 6, 21,2010/08/13 21:00:00.000
42606, 8, 2010, 7, 18,2010/08/28 18:00:00.000
42714, 9, 2010, 7, 15,2010/09/11 15:00:00.000
42718, 9, 2010, 4, 19,2010/09/08 19:00:00.000
42723, 9, 2010, 4, 13,2010/09/01 13:00:00.000
42738, 9, 2010, 7, 18,2010/09/04 18:00:00.000
42757, 9, 2010, 2, 19,2010/09/13 19:00:00.000
42758, 9, 2010, 6, 14,2010/09/10 14:00:00.000
42760, 9, 2010, 6, 11,2010/09/10 11:00:00.000
42838, 9, 2010, 4, 20,2010/09/15 20:00:00.000
42880, 9, 2010, 6, 13,2010/09/17 13:00:00.000
42882, 9, 2010, 6, 18,2010/09/17 18:00:00.000
42919, 9, 2010, 4, 18,2010/09/15 18:00:00.000
42921, 9, 2010, 4, 21,2010/09/15 21:00:00.000
42960, 10, 2010, 2, 13,2010/10/04 13:00:00.000
42980, 10, 2010, 6, 14,2010/10/01 14:00:00.000
42983, 9, 2010, 5, 11,2010/09/30 11:00:00.000
42997, 9, 2010, 6, 18,2010/09/24 18:00:00.000
42999, 9, 2010, 4, 21,2010/09/22 21:00:00.000
43003, 9, 2010, 7, 18,2010/09/18 18:00:00.000
43021, 10, 2010, 6, 11,2010/10/01 11:00:00.000
43023, 9, 2010, 5, 11,2010/09/30 11:00:00.000
43027, 9, 2010, 6, 20,2010/09/24 20:00:00.000
43042, 9, 2010, 4, 20,2010/09/15 20:00:00.000
43043, 9, 2010, 7, 21,2010/09/11 21:00:00.000
43044, 9, 2010, 1, 12,2010/09/19 12:00:00.000
43062, 9, 2010, 7, 16,2010/09/25 16:00:00.000
43063, 9, 2010, 3, 17,2010/09/21 17:00:00.000
43070, 10, 2010, 3, 13,2010/10/05 13:00:00.000
43089, 10, 2010, 5, 14,2010/10/07 14:00:00.000
43091, 7, 2010, 1, 15,2010/07/25 15:00:00.000
43095, 10, 2010, 7, 12,2010/10/16 12:00:00.000
43153, 10, 2010, 3, 19,2010/10/12 19:00:00.000
43171, 9, 2010, 1, 18,2010/09/12 18:00:00.000
43253, 12, 2009, 3, 4,2009/12/01 04:00:00.000
43256, 10, 2010, 6, 20,2010/10/01 20:00:00.000
43262, 11, 2010, 3, 10,2010/11/16 10:00:00.000
43264, 11, 2010, 4, 19,2010/11/24 19:00:00.000
43266, 11, 2010, 5, 18,2010/11/18 18:00:00.000
43268, 11, 2010, 5, 18,2010/11/18 18:00:00.000
43282, 11, 2010, 5, 23,2010/11/18 23:00:00.000
43294, 11, 2010, 2, 18,2010/11/22 18:00:00.000
43321, 11, 2010, 5, 12,2010/11/25 12:00:00.000
43361, 11, 2010, 3, 18,2010/11/30 18:00:00.000
43389, 11, 2010, 3, 18,2010/11/09 18:00:00.000
43390, 10, 2010, 7, 16,2010/10/23 16:00:00.000
43392, 11, 2010, 6, 13,2010/11/05 13:00:00.000
43393, 10, 2010, 1, 16,2010/10/31 16:00:00.000
43403, 11, 2010, 7, 23,2010/11/13 23:00:00.000
43404, 11, 2010, 2, 17,2010/11/15 17:00:00.000
43446, 11, 2010, 1, 11,2010/11/14 11:00:00.000
43449, 10, 2010, 3, 15,2010/10/19 15:00:00.000
43450, 11, 2010, 5, 10,2010/11/04 10:00:00.000
43451, 11, 2010, 6, 22,2010/11/05 22:00:00.000
43452, 12, 2010, 6, 12,2010/12/03 12:00:00.000
43454, 12, 2010, 1, 23,2010/12/12 23:00:00.000
43455, 12, 2010, 5, 21,2010/12/09 21:00:00.000
43458, 12, 2010, 7, 11,2010/12/11 11:00:00.000
43459, 10, 2010, 5, 18,2010/10/28 18:00:00.000
43461, 12, 2010, 4, 22,2010/12/08 22:00:00.000
43462, 12, 2010, 2, 11,2010/12/13 11:00:00.000
43463, 12, 2010, 5, 14,2010/12/09 14:00:00.000
43471, 12, 2010, 3, 20,2010/12/14 20:00:00.000
43472, 12, 2010, 2, 12,2010/12/13 12:00:00.000
43473, 12, 2010, 2, 19,2010/12/13 19:00:00.000
43474, 12, 2010, 2, 22,2010/12/20 22:00:00.000
43480, 11, 2010, 4, 10,2010/11/03 10:00:00.000
43503, 11, 2010, 3, 13,2010/11/09 13:00:00.000
43524, 10, 2010, 7, 3,2010/10/23 03:00:00.000
43628, 1, 2011, 4, 19,2011/01/05 19:00:00.000
43629, 1, 2011, 6, 15,2011/01/07 15:00:00.000
43633, 1, 2011, 7, 19,2011/01/01 19:00:00.000
43656, 1, 2011, 3, 15,2011/01/11 15:00:00.000
43657, 1, 2011, 3, 19,2011/01/11 19:00:00.000
43658, 1, 2011, 2, 12,2011/01/03 12:00:00.000
43668, 12, 2010, 4, 15,2010/12/08 15:00:00.000
43702, 1, 2011, 6, 17,2011/01/21 17:00:00.000
43703, 1, 2011, 7, 19,2011/01/15 19:00:00.000
43704, 1, 2011, 2, 16,2011/01/17 16:00:00.000
43705, 1, 2011, 6, 21,2011/01/14 21:00:00.000
43706, 1, 2011, 4, 22,2011/01/19 22:00:00.000
43709, 1, 2011, 2, 9,2011/01/24 09:00:00.000
43719, 12, 2010, 3, 13,2010/12/21 13:00:00.000
43721, 12, 2010, 4, 9,2010/12/15 09:00:00.000
43722, 12, 2010, 5, 11,2010/12/23 11:00:00.000
43724, 12, 2010, 4, 12,2010/12/29 12:00:00.000
43725, 12, 2010, 7, 20,2010/12/18 20:00:00.000
43726, 12, 2010, 4, 10,2010/12/29 10:00:00.000
43727, 12, 2010, 7, 3,2010/12/11 03:00:00.000
43729, 8, 2010, 1, 15,2010/08/22 15:00:00.000
43731, 1, 2011, 1, 10,2011/01/23 10:00:00.000
43732, 1, 2011, 5, 21,2011/01/27 21:00:00.000
43752, 1, 2011, 4, 11,2011/01/19 11:00:00.000
43774, 1, 2011, 2, 12,2011/01/31 12:00:00.000
43775, 1, 2011, 6, 21,2011/01/28 21:00:00.000
43776, 1, 2011, 3, 14,2011/01/25 14:00:00.000
43778, 1, 2011, 6, 20,2011/01/28 20:00:00.000
43794, 11, 2010, 7, 18,2010/11/13 18:00:00.000
43808, 1, 2011, 1, 15,2011/01/30 15:00:00.000
43809, 2, 2011, 7, 13,2011/02/05 13:00:00.000
43814, 2, 2011, 6, 20,2011/02/04 20:00:00.000
43832, 1, 2011, 1, 22,2011/01/30 22:00:00.000
43869, 2, 2011, 7, 17,2011/02/05 17:00:00.000
43869, 2, 2011, 7, 17,2011/02/05 17:00:00.000
43870, 2, 2011, 2, 14,2011/02/14 14:00:00.000
43899, 2, 2011, 2, 21,2011/02/21 21:00:00.000
43900, 2, 2011, 7, 11,2011/02/19 11:00:00.000
43901, 2, 2011, 7, 18,2011/02/19 18:00:00.000
43906, 2, 2011, 6, 14,2011/02/18 14:00:00.000
43908, 2, 2011, 3, 13,2011/02/15 13:00:00.000
43909, 1, 2011, 7, 11,2011/01/29 11:00:00.000
43910, 1, 2011, 5, 15,2011/01/27 15:00:00.000
43911, 2, 2011, 3, 15,2011/02/22 15:00:00.000
43921, 12, 2010, 7, 13,2010/12/18 13:00:00.000
43977, 2, 2011, 2, 20,2011/02/28 20:00:00.000
43978, 3, 2011, 4, 12,2011/03/02 12:00:00.000
43984, 2, 2011, 7, 18,2011/02/05 18:00:00.000
43986, 2, 2011, 1, 21,2011/02/20 21:00:00.000
43988, 2, 2011, 5, 22,2011/02/24 22:00:00.000
43989, 2, 2011, 6, 18,2011/02/25 18:00:00.000
43992, 3, 2011, 3, 13,2011/03/01 13:00:00.000
43994, 3, 2011, 6, 14,2011/03/04 14:00:00.000
43998, 3, 2011, 1, 12,2011/03/06 12:00:00.000
44001, 3, 2011, 7, 13,2011/03/05 13:00:00.000
44003, 3, 2011, 1, 18,2011/03/06 18:00:00.000
44014, 3, 2011, 7, 10,2011/03/05 10:00:00.000
44078, 3, 2011, 2, 17,2011/03/07 17:00:00.000
44079, 3, 2011, 6, 17,2011/03/11 17:00:00.000
44081, 3, 2011, 7, 12,2011/03/05 12:00:00.000
44082, 3, 2011, 2, 11,2011/03/07 11:00:00.000
44118, 3, 2011, 6, 20,2011/03/18 20:00:00.000
44140, 3, 2011, 1, 20,2011/03/27 20:00:00.000
44141, 3, 2011, 4, 12,2011/03/23 12:00:00.000
44188, 3, 2011, 5, 14,2011/03/31 14:00:00.000
44198, 3, 2011, 7, 11,2011/03/19 11:00:00.000
44231, 2, 2011, 6, 21,2011/02/11 21:00:00.000
44233, 3, 2011, 1, 14,2011/03/13 14:00:00.000
44238, 4, 2011, 6, 19,2011/04/01 19:00:00.000
44244, 3, 2011, 4, 20,2011/03/30 20:00:00.000
44248, 4, 2011, 6, 20,2011/04/08 20:00:00.000
44316, 4, 2011, 4, 20,2011/04/06 20:00:00.000
44336, 4, 2011, 3, 11,2011/04/12 11:00:00.000
44339, 4, 2011, 6, 13,2011/04/08 13:00:00.000
44340, 4, 2011, 1, 13,2011/04/10 13:00:00.000
44377, 4, 2011, 7, 14,2011/04/09 14:00:00.000
44380, 12, 2010, 6, 3,2010/12/03 03:00:00.000
44399, 4, 2011, 7, 16,2011/04/16 16:00:00.000
44402, 4, 2011, 3, 13,2011/04/19 13:00:00.000
44403, 4, 2011, 1, 17,2011/04/17 17:00:00.000
44404, 4, 2011, 4, 10,2011/04/20 10:00:00.000
44405, 4, 2011, 1, 18,2011/04/17 18:00:00.000
44436, 4, 2011, 5, 18,2011/04/21 18:00:00.000
44437, 4, 2011, 2, 17,2011/04/18 17:00:00.000
44458, 4, 2011, 5, 10,2011/04/28 10:00:00.000
44463, 4, 2011, 7, 20,2011/04/30 20:00:00.000
44464, 5, 2011, 1, 11,2011/05/01 11:00:00.000
44484, 5, 2011, 2, 17,2011/05/02 17:00:00.000
44504, 5, 2011, 7, 13,2011/05/07 13:00:00.000
44510, 4, 2011, 3, 20,2011/04/19 20:00:00.000
44512, 5, 2011, 3, 12,2011/05/10 12:00:00.000
44528, 5, 2011, 7, 14,2011/05/14 14:00:00.000
44530, 5, 2011, 5, 19,2011/05/12 19:00:00.000
44531, 4, 2011, 6, 12,2011/04/01 12:00:00.000
44533, 5, 2011, 3, 20,2011/05/10 20:00:00.000
44536, 5, 2011, 7, 19,2011/05/14 19:00:00.000
44538, 5, 2011, 2, 10,2011/05/23 10:00:00.000
44539, 5, 2011, 1, 15,2011/05/22 15:00:00.000
44541, 5, 2011, 2, 1,2011/05/16 01:00:00.000
44543, 5, 2011, 3, 9,2011/05/24 09:00:00.000
44545, 5, 2011, 3, 13,2011/05/24 13:00:00.000
44549, 2, 2011, 6, 14,2011/02/04 14:00:00.000
44553, 5, 2011, 3, 20,2011/05/31 20:00:00.000
44576, 5, 2011, 7, 17,2011/05/28 17:00:00.000
44577, 5, 2011, 3, 16,2011/05/24 16:00:00.000
44579, 6, 2011, 7, 13,2011/06/04 13:00:00.000
44592, 5, 2011, 7, 19,2011/05/28 19:00:00.000
44597, 6, 2011, 6, 18,2011/06/03 18:00:00.000
44606, 6, 2011, 1, 19,2011/06/05 19:00:00.000
44609, 6, 2011, 5, 14,2011/06/09 14:00:00.000
44611, 6, 2011, 7, 14,2011/06/04 14:00:00.000
44612, 5, 2011, 3, 13,2011/05/03 13:00:00.000
44629, 5, 2011, 1, 19,2011/05/29 19:00:00.000
44645, 6, 2011, 5, 19,2011/06/23 19:00:00.000
44647, 6, 2011, 7, 19,2011/06/18 19:00:00.000
44649, 6, 2011, 2, 17,2011/06/20 17:00:00.000
44652, 6, 2011, 1, 13,2011/06/19 13:00:00.000
44656, 6, 2011, 7, 9,2011/06/18 09:00:00.000
44660, 6, 2011, 6, 21,2011/06/17 21:00:00.000
44661, 6, 2011, 6, 11,2011/06/17 11:00:00.000
44670, 6, 2011, 5, 10,2011/06/02 10:00:00.000
44700, 7, 2011, 6, 19,2011/07/01 19:00:00.000
44705, 6, 2011, 3, 18,2011/06/28 18:00:00.000
44734, 7, 2011, 7, 13,2011/07/02 13:00:00.000
44749, 3, 2007, 5, 14,2007/03/15 14:00:00.000
44751, 1, 2007, 6, 22,2007/01/26 22:00:00.000
44753, 3, 2007, 6, 11,2007/03/16 11:00:00.000
44755, 1, 2007, 3, 20,2007/01/30 20:00:00.000
44757, 1, 2007, 5, 21,2007/01/18 21:00:00.000
44759, 2, 2007, 2, 21,2007/02/26 21:00:00.000
44762, 7, 2011, 2, 13,2011/07/11 13:00:00.000
44775, 7, 2011, 6, 19,2011/07/01 19:00:00.000
44780, 7, 2011, 1, 20,2011/07/10 20:00:00.000
44793, 6, 2011, 6, 15,2011/06/10 15:00:00.000
44794, 7, 2011, 2, 18,2011/07/11 18:00:00.000
44795, 7, 2011, 1, 16,2011/07/10 16:00:00.000
44796, 7, 2011, 4, 9,2011/07/13 09:00:00.000
44804, 5, 2011, 3, 11,2011/05/17 11:00:00.000
44811, 5, 2011, 3, 14,2011/05/17 14:00:00.000
44813, 7, 2011, 4, 3,2011/07/13 03:00:00.000
44816, 7, 2011, 5, 18,2011/07/14 18:00:00.000
44817, 7, 2011, 3, 21,2011/07/12 21:00:00.000
44820, 7, 2011, 4, 12,2011/07/13 12:00:00.000
44837, 7, 2011, 5, 10,2011/07/14 10:00:00.000
44838, 7, 2011, 5, 0,2011/07/14 00:00:00.000
44843, 5, 2011, 2, 12,2011/05/16 12:00:00.000
44845, 7, 2011, 7, 13,2011/07/16 13:00:00.000
44850, 7, 2011, 2, 10,2011/07/04 10:00:00.000
44853, 7, 2011, 2, 12,2011/07/18 12:00:00.000
44855, 7, 2011, 6, 12,2011/07/15 12:00:00.000
44858, 7, 2011, 3, 20,2011/07/19 20:00:00.000
44878, 7, 2011, 6, 18,2011/07/22 18:00:00.000
44879, 7, 2011, 2, 17,2011/07/25 17:00:00.000
44880, 7, 2011, 3, 12,2011/07/26 12:00:00.000
44881, 7, 2011, 4, 20,2011/07/20 20:00:00.000
44885, 8, 2011, 3, 13,2011/08/02 13:00:00.000
44887, 7, 2011, 3, 16,2011/07/19 16:00:00.000
44888, 7, 2011, 6, 17,2011/07/15 17:00:00.000
44903, 8, 2011, 7, 19,2011/08/06 19:00:00.000
44924, 8, 2011, 3, 14,2011/08/09 14:00:00.000
44926, 8, 2011, 5, 13,2011/08/11 13:00:00.000
44942, 7, 2011, 4, 19,2011/07/20 19:00:00.000
44944, 6, 2011, 6, 20,2011/06/10 20:00:00.000
44944, 6, 2011, 6, 20,2011/06/10 20:00:00.000
44966, 8, 2011, 2, 19,2011/08/15 19:00:00.000
44967, 8, 2011, 2, 17,2011/08/15 17:00:00.000
44968, 8, 2011, 1, 11,2011/08/14 11:00:00.000
44969, 8, 2011, 7, 19,2011/08/13 19:00:00.000
44975, 7, 2011, 6, 13,2011/07/15 13:00:00.000
44977, 8, 2011, 3, 21,2011/08/16 21:00:00.000
44983, 2, 2011, 7, 20,2011/02/19 20:00:00.000
44986, 8, 2011, 6, 19,2011/08/19 19:00:00.000
44988, 8, 2011, 5, 17,2011/08/11 17:00:00.000
44993, 8, 2011, 2, 16,2011/08/22 16:00:00.000
44995, 8, 2011, 7, 20,2011/08/20 20:00:00.000
44996, 8, 2011, 6, 11,2011/08/19 11:00:00.000
45011, 7, 2011, 3, 18,2011/07/19 18:00:00.000
45025, 8, 2011, 5, 18,2011/08/25 18:00:00.000
45036, 9, 2011, 7, 16,2011/09/17 16:00:00.000
45045, 9, 2011, 1, 23,2011/09/18 23:00:00.000
45047, 9, 2011, 4, 17,2011/09/14 17:00:00.000
45048, 8, 2011, 4, 18,2011/08/31 18:00:00.000
45049, 9, 2011, 4, 10,2011/09/07 10:00:00.000
45050, 9, 2011, 6, 10,2011/09/09 10:00:00.000
45051, 9, 2011, 1, 16,2011/09/18 16:00:00.000
45052, 8, 2011, 2, 10,2011/08/29 10:00:00.000
45053, 9, 2011, 3, 11,2011/09/13 11:00:00.000
45054, 9, 2011, 5, 18,2011/09/29 18:00:00.000
45055, 9, 2011, 6, 20,2011/09/02 20:00:00.000
45056, 8, 2011, 3, 11,2011/08/30 11:00:00.000
45057, 8, 2011, 6, 20,2011/08/26 20:00:00.000
45058, 9, 2011, 2, 18,2011/09/26 18:00:00.000
45059, 8, 2011, 1, 20,2011/08/07 20:00:00.000
45060, 9, 2011, 1, 13,2011/09/25 13:00:00.000
45061, 9, 2011, 4, 12,2011/09/28 12:00:00.000
45062, 9, 2011, 6, 18,2011/09/30 18:00:00.000
45063, 9, 2011, 7, 13,2011/09/10 13:00:00.000
45064, 10, 2011, 7, 17,2011/10/01 17:00:00.000
45065, 9, 2011, 7, 23,2011/09/10 23:00:00.000
45070, 9, 2011, 2, 12,2011/09/19 12:00:00.000
45071, 9, 2011, 7, 19,2011/09/17 19:00:00.000
45072, 9, 2011, 7, 15,2011/09/17 15:00:00.000
45087, 10, 2011, 6, 8,2011/10/07 08:00:00.000
45088, 10, 2011, 7, 23,2011/10/01 23:00:00.000
45089, 10, 2011, 6, 20,2011/10/07 20:00:00.000
45090, 9, 2011, 2, 15,2011/09/12 15:00:00.000
45091, 10, 2011, 3, 17,2011/10/04 17:00:00.000
45094, 9, 2011, 5, 20,2011/09/29 20:00:00.000
45096, 10, 2011, 6, 14,2011/10/07 14:00:00.000
45098, 9, 2011, 7, 14,2011/09/17 14:00:00.000
45100, 9, 2011, 2, 19,2011/09/12 19:00:00.000
45102, 8, 2011, 6, 17,2011/08/26 17:00:00.000
45127, 10, 2011, 1, 19,2011/10/09 19:00:00.000
45128, 8, 2011, 7, 21,2011/08/27 21:00:00.000
45151, 10, 2011, 1, 19,2011/10/09 19:00:00.000
45153, 10, 2011, 3, 13,2011/10/11 13:00:00.000
45167, 11, 2011, 3, 9,2011/11/01 09:00:00.000
45168, 11, 2010, 2, 18,2010/11/08 18:00:00.000
45169, 11, 2011, 3, 19,2011/11/01 19:00:00.000
45187, 10, 2011, 3, 19,2011/10/18 19:00:00.000
45188, 10, 2011, 6, 20,2011/10/21 20:00:00.000
45210, 10, 2011, 1, 19,2011/10/30 19:00:00.000
45211, 11, 2011, 7, 17,2011/11/05 17:00:00.000
45212, 10, 2011, 7, 16,2011/10/22 16:00:00.000
45213, 10, 2011, 1, 14,2011/10/16 15:00:00.000
45215, 10, 2011, 6, 13,2011/10/14 13:00:00.000
45217, 10, 2011, 3, 21,2011/10/25 21:00:00.000
45218, 10, 2011, 1, 18,2011/10/30 18:00:00.000
45222, 8, 2011, 1, 11,2011/08/21 11:00:00.000
45222, 8, 2011, 1, 11,2011/08/21 11:00:00.000
45228, 8, 2011, 6, 19,2011/08/19 19:00:00.000
45232, 11, 2011, 5, 21,2011/11/24 21:00:00.000
45233, 11, 2011, 6, 22,2011/11/25 22:00:00.000
45235, 11, 2011, 1, 12,2011/11/27 12:00:00.000
45237, 12, 2011, 2, 19,2011/12/05 19:00:00.000
45238, 11, 2011, 7, 21,2011/11/12 21:00:00.000
45247, 11, 2011, 4, 13,2011/11/30 13:00:00.000
45250, 12, 2011, 6, 16,2011/12/09 16:00:00.000
45251, 12, 2011, 7, 11,2011/12/10 11:00:00.000
45252, 12, 2011, 5, 23,2011/12/08 23:00:00.000
45267, 11, 2011, 7, 20,2011/11/12 20:00:00.000
45268, 11, 2011, 1, 18,2011/11/20 18:00:00.000
45269, 11, 2011, 6, 15,2011/11/11 15:00:00.000
45270, 11, 2011, 1, 19,2011/11/20 19:00:00.000
45271, 11, 2011, 4, 21,2011/11/02 21:00:00.000
45272, 12, 2011, 4, 11,2011/12/21 11:00:00.000
45273, 12, 2011, 4, 13,2011/12/21 13:00:00.000
45274, 11, 2011, 1, 12,2011/11/27 12:00:00.000
45277, 11, 2011, 1, 10,2011/11/27 10:00:00.000
45279, 11, 2011, 7, 14,2011/11/26 14:00:00.000
45280, 11, 2011, 3, 16,2011/11/22 16:00:00.000
45282, 11, 2011, 7, 12,2011/11/26 12:00:00.000
45284, 12, 2011, 6, 15,2011/12/02 15:00:00.000
45285, 11, 2011, 4, 13,2011/11/30 13:00:00.000
45286, 11, 2011, 2, 22,2011/11/14 22:00:00.000
45288, 12, 2011, 3, 19,2011/12/20 19:00:00.000
45290, 10, 2011, 1, 13,2011/10/02 13:00:00.000
45291, 12, 2011, 6, 17,2011/12/30 17:00:00.000
45292, 12, 2011, 2, 21,2011/12/26 21:00:00.000
45307, 10, 2011, 5, 19,2011/10/27 19:00:00.000
45310, 9, 2011, 4, 3,2011/09/28 03:00:00.000
45311, 12, 2011, 7, 13,2011/12/24 13:00:00.000
45312, 10, 2011, 2, 17,2011/10/17 17:00:00.000
45329, 1, 2011, 5, 12,2011/01/06 12:00:00.000
45331, 1, 2012, 6, 13,2012/01/06 13:00:00.000
45332, 1, 2012, 2, 13,2012/01/09 13:00:00.000
45333, 1, 2012, 6, 13,2012/01/06 13:00:00.000
45390, 1, 2012, 6, 21,2012/01/20 21:00:00.000
45391, 1, 2012, 1, 16,2012/01/08 16:00:00.000
45392, 1, 2012, 5, 21,2012/01/19 21:00:00.000
45393, 1, 2012, 1, 20,2012/01/22 20:00:00.000
45396, 1, 2012, 4, 11,2012/01/11 11:00:00.000
45397, 1, 2012, 1, 19,2012/01/22 19:00:00.000
45399, 1, 2012, 4, 17,2012/01/18 17:00:00.000
45400, 1, 2012, 7, 14,2012/01/21 14:00:00.000
45401, 1, 2012, 6, 17,2012/01/06 17:00:00.000
45403, 7, 2011, 7, 20,2011/07/30 20:00:00.000
45407, 1, 2012, 6, 16,2012/01/06 16:00:00.000
45408, 1, 2012, 4, 13,2012/01/11 13:00:00.000
45409, 1, 2012, 7, 10,2012/01/14 10:00:00.000
45410, 1, 2012, 7, 22,2012/01/21 22:00:00.000
45412, 1, 2012, 2, 9,2012/01/23 09:00:00.000
45413, 1, 2012, 4, 22,2012/01/25 22:00:00.000
45414, 1, 2012, 3, 18,2012/01/31 18:00:00.000
45415, 1, 2012, 2, 13,2012/01/30 13:00:00.000
45417, 1, 2012, 3, 14,2012/01/31 14:00:00.000
45466, 2, 2012, 1, 19,2012/02/12 19:00:00.000
45487, 2, 2012, 5, 12,2012/02/16 12:00:00.000
45490, 2, 2012, 7, 11,2012/02/25 11:00:00.000
45522, 2, 2012, 2, 21,2012/02/27 21:00:00.000
45523, 2, 2012, 6, 21,2012/02/24 21:00:00.000
45524, 2, 2012, 3, 16,2012/02/07 16:00:00.000
45525, 2, 2012, 5, 21,2012/02/02 21:00:00.000
45526, 3, 2012, 6, 12,2012/03/02 12:00:00.000
45527, 2, 2012, 6, 11,2012/02/24 11:00:00.000
45528, 2, 2012, 4, 1,2012/02/08 01:00:00.000
45529, 12, 2011, 4, 16,2011/12/21 16:00:00.000
45553, 10, 2011, 1, 19,2011/10/16 20:00:00.000
45554, 11, 2011, 3, 2,2011/11/15 02:00:00.000
45564, 2, 2012, 4, 9,2012/02/08 09:00:00.000
45569, 2, 2012, 6, 10,2012/02/24 10:00:00.000
45570, 2, 2012, 4, 11,2012/02/29 11:00:00.000
45571, 2, 2012, 5, 13,2012/02/23 13:00:00.000
45572, 2, 2012, 2, 20,2012/02/06 20:00:00.000
45573, 2, 2012, 3, 10,2012/02/28 10:00:00.000
45576, 11, 2011, 4, 15,2011/11/16 15:00:00.000
45579, 1, 2012, 7, 18,2012/01/28 18:00:00.000
45580, 2, 2012, 3, 14,2012/02/07 14:00:00.000
45582, 1, 2012, 6, 17,2012/01/20 17:00:00.000
45584, 2, 2012, 1, 15,2012/02/19 15:00:00.000
45585, 2, 2012, 4, 21,2012/02/08 21:00:00.000
45586, 2, 2012, 4, 13,2012/02/15 13:00:00.000
45587, 2, 2012, 1, 20,2012/02/05 20:00:00.000
45588, 2, 2012, 3, 20,2012/02/07 20:00:00.000
45589, 3, 2012, 6, 17,2012/03/02 17:00:00.000
45594, 3, 2012, 4, 10,2012/03/07 10:00:00.000
45596, 3, 2012, 3, 12,2012/03/06 12:00:00.000
45597, 3, 2012, 2, 14,2012/03/12 14:00:00.000
45598, 2, 2012, 2, 15,2012/02/20 15:00:00.000
45599, 2, 2012, 2, 19,2012/02/27 19:00:00.000
45600, 3, 2012, 3, 20,2012/03/13 20:00:00.000
45602, 6, 2011, 3, 20,2011/06/14 20:00:00.000
45618, 3, 2012, 2, 17,2012/03/12 17:00:00.000
45619, 3, 2012, 2, 19,2012/03/19 19:00:00.000
45651, 3, 2012, 7, 20,2012/03/24 20:00:00.000
45652, 3, 2012, 2, 14,2012/03/19 14:00:00.000
45653, 2, 2012, 6, 20,2012/02/24 20:00:00.000
45654, 3, 2012, 6, 21,2012/03/16 21:00:00.000
45729, 3, 2012, 5, 10,2012/03/15 10:00:00.000
45730, 3, 2012, 6, 16,2012/03/23 16:00:00.000
45731, 3, 2012, 7, 19,2012/03/31 19:00:00.000
45732, 4, 2012, 3, 17,2012/04/03 17:00:00.000
45733, 4, 2012, 5, 17,2012/04/05 17:00:00.000
45734, 4, 2012, 6, 13,2012/04/06 13:00:00.000
45746, 4, 2012, 6, 20,2012/04/13 20:00:00.000
45747, 4, 2012, 6, 20,2012/04/13 20:00:00.000
45748, 4, 2012, 2, 22,2012/04/16 22:00:00.000
45749, 4, 2012, 1, 20,2012/04/15 20:00:00.000
45750, 4, 2012, 6, 15,2012/04/13 15:00:00.000
45751, 4, 2012, 7, 15,2012/04/14 15:00:00.000
45752, 4, 2012, 4, 12,2012/04/11 12:00:00.000
45753, 4, 2012, 2, 16,2012/04/02 16:00:00.000
45754, 3, 2012, 6, 14,2012/03/30 14:00:00.000
45755, 4, 2012, 4, 10,2012/04/04 10:00:00.000
45756, 4, 2012, 3, 14,2012/04/03 14:00:00.000
45757, 4, 2012, 6, 20,2012/04/20 20:00:00.000
45759, 4, 2012, 6, 8,2012/04/20 08:00:00.000
45794, 3, 2012, 7, 17,2012/03/24 17:00:00.000
45798, 3, 2012, 6, 21,2012/03/23 21:00:00.000
45799, 4, 2012, 6, 12,2012/04/27 12:00:00.000
45800, 4, 2012, 2, 20,2012/04/30 20:00:00.000
45819, 5, 2012, 3, 19,2012/05/08 19:00:00.000
45820, 4, 2012, 5, 17,2012/04/26 17:00:00.000
45821, 5, 2012, 3, 17,2012/05/01 17:00:00.000
45822, 5, 2012, 7, 11,2012/05/05 11:00:00.000
45829, 5, 2012, 5, 12,2012/05/10 12:00:00.000
45830, 5, 2012, 1, 19,2012/05/06 19:00:00.000
45831, 5, 2012, 5, 12,2012/05/03 12:00:00.000
45833, 5, 2012, 5, 11,2012/05/03 11:00:00.000
45835, 4, 2012, 2, 13,2012/04/23 13:00:00.000
45856, 5, 2012, 4, 19,2012/05/16 19:00:00.000
45857, 5, 2012, 6, 10,2012/05/18 10:00:00.000
45859, 5, 2012, 7, 13,2012/05/19 13:00:00.000
45865, 5, 2012, 6, 19,2012/05/18 19:00:00.000
45866, 5, 2012, 1, 19,2012/05/20 19:00:00.000
45867, 5, 2012, 6, 15,2012/05/18 15:00:00.000
45890, 5, 2012, 1, 17,2012/05/20 17:00:00.000
45891, 5, 2012, 4, 11,2012/05/23 11:00:00.000
45894, 5, 2012, 4, 12,2012/05/16 12:00:00.000
45899, 6, 2012, 1, 19,2012/06/03 19:00:00.000
45900, 6, 2012, 7, 12,2012/06/02 12:00:00.000
45901, 6, 2012, 6, 15,2012/06/01 15:00:00.000
45902, 5, 2012, 2, 20,2012/05/28 20:00:00.000
45912, 5, 2012, 6, 19,2012/05/04 19:00:00.000
45913, 5, 2012, 6, 20,2012/05/25 20:00:00.000
45914, 6, 2012, 4, 21,2012/06/06 21:00:00.000
45927, 5, 2012, 7, 12,2012/05/26 12:00:00.000
45928, 5, 2012, 1, 14,2012/05/27 14:00:00.000
45929, 5, 2012, 7, 11,2012/05/26 11:00:00.000
45930, 12, 2011, 5, 12,2011/12/29 12:00:00.000
45931, 6, 2012, 3, 18,2012/06/12 18:00:00.000
45932, 6, 2012, 4, 14,2012/06/06 14:00:00.000
45933, 6, 2012, 3, 20,2012/06/05 20:00:00.000
45934, 6, 2012, 5, 19,2012/06/14 19:00:00.000
45936, 6, 2012, 4, 11,2012/06/13 11:00:00.000
45937, 6, 2012, 6, 14,2012/06/22 14:00:00.000
45938, 6, 2012, 4, 16,2012/06/20 16:00:00.000
45939, 5, 2012, 4, 19,2012/05/30 19:00:00.000
45940, 6, 2010, 4, 13,2010/06/09 13:00:00.000
45941, 5, 2012, 6, 20,2012/05/25 20:00:00.000
45942, 6, 2012, 3, 13,2012/06/19 13:00:00.000
46024, 7, 2012, 1, 11,2012/07/01 11:00:00.000
46026, 6, 2012, 6, 12,2012/06/22 12:00:00.000
46038, 6, 2012, 6, 17,2012/06/29 17:00:00.000
46042, 7, 2012, 2, 10,2012/07/02 10:00:00.000
46043, 6, 2012, 7, 14,2012/06/30 14:00:00.000
46045, 6, 2012, 7, 23,2012/06/30 23:00:00.000
46048, 4, 2012, 3, 16,2012/04/24 16:00:00.000
46049, 5, 2012, 4, 20,2012/05/23 20:00:00.000
46073, 7, 2012, 3, 2,2012/07/03 02:00:00.000
46092, 7, 2012, 2, 17,2012/07/09 17:00:00.000
46093, 7, 2012, 6, 13,2012/07/06 13:00:00.000
46094, 7, 2012, 7, 14,2012/07/07 14:00:00.000
46095, 7, 2012, 4, 14,2012/07/04 14:00:00.000
46152, 7, 2012, 5, 20,2012/07/12 20:00:00.000
46153, 7, 2012, 7, 14,2012/07/14 14:00:00.000
46154, 7, 2012, 5, 19,2012/07/12 19:00:00.000
46170, 7, 2012, 1, 16,2012/07/22 16:00:00.000
46171, 7, 2012, 3, 19,2012/07/24 19:00:00.000
46172, 7, 2012, 3, 19,2012/07/24 19:00:00.000
46173, 7, 2012, 5, 16,2012/07/26 16:00:00.000
46178, 7, 2012, 7, 9,2012/07/07 09:00:00.000
46179, 7, 2012, 2, 12,2012/07/16 12:00:00.000
46180, 6, 2012, 7, 19,2012/06/16 19:00:00.000
46181, 7, 2012, 2, 18,2012/07/23 18:00:00.000
46187, 7, 2012, 7, 11,2012/07/21 11:00:00.000
46188, 7, 2012, 1, 14,2012/07/29 14:00:00.000
46199, 8, 2012, 1, 15,2012/08/05 15:00:00.000
46200, 8, 2012, 5, 12,2012/08/02 12:00:00.000
46201, 8, 2012, 4, 16,2012/08/01 16:00:00.000
46202, 7, 2012, 7, 10,2012/07/28 10:00:00.000
46209, 8, 2012, 7, 10,2012/08/04 10:00:00.000
46253, 8, 2012, 5, 14,2012/08/16 14:00:00.000
46255, 8, 2012, 7, 12,2012/08/18 12:00:00.000
46255, 8, 2012, 7, 12,2012/08/18 12:00:00.000
46256, 8, 2012, 2, 17,2012/08/20 17:00:00.000
46257, 8, 2012, 3, 18,2012/08/21 18:00:00.000
46258, 8, 2012, 1, 18,2012/08/19 18:00:00.000
46259, 8, 2012, 6, 15,2012/08/17 15:00:00.000
46260, 8, 2012, 2, 19,2012/08/13 19:00:00.000
46261, 8, 2012, 4, 18,2012/08/08 18:00:00.000
46263, 8, 2012, 6, 15,2012/08/17 15:00:00.000
46264, 8, 2012, 2, 17,2012/08/20 17:00:00.000
46279, 8, 2012, 4, 20,2012/08/15 20:00:00.000
46280, 8, 2012, 4, 20,2012/08/08 20:00:00.000
46281, 8, 2012, 6, 12,2012/08/10 12:00:00.000
46282, 8, 2012, 1, 12,2012/08/12 12:00:00.000
46305, 7, 2012, 4, 13,2012/07/11 13:00:00.000
46306, 9, 2012, 1, 12,2012/09/09 12:00:00.000
46307, 9, 2012, 5, 1,2012/09/13 01:00:00.000
46308, 9, 2012, 6, 19,2012/09/07 19:00:00.000
46309, 9, 2012, 1, 21,2012/09/09 21:00:00.000
46310, 8, 2012, 6, 18,2012/08/31 18:00:00.000
46311, 9, 2012, 4, 11,2012/09/05 11:00:00.000
46336, 8, 2012, 6, 18,2012/08/17 18:00:00.000
46337, 9, 2012, 4, 12,2012/09/12 12:00:00.000
46338, 9, 2012, 4, 20,2012/09/12 20:00:00.000
46339, 7, 2012, 5, 12,2012/07/26 12:00:00.000
46340, 9, 2012, 1, 17,2012/09/16 17:00:00.000
46354, 9, 2012, 4, 23,2012/09/19 23:00:00.000
46356, 9, 2012, 7, 15,2012/09/22 15:00:00.000
46368, 9, 2012, 2, 11,2012/09/24 11:00:00.000
46373, 9, 2012, 6, 11,2012/09/21 11:00:00.000
46378, 9, 2012, 7, 16,2012/09/22 16:00:00.000
46411, 9, 2012, 1, 18,2012/09/23 18:00:00.000
46412, 9, 2012, 2, 1,2012/09/24 01:00:00.000
46413, 9, 2012, 2, 17,2012/09/24 17:00:00.000
46414, 9, 2012, 3, 15,2012/09/25 15:00:00.000
46415, 9, 2012, 3, 14,2012/09/25 14:00:00.000
46416, 9, 2012, 6, 21,2012/09/28 21:00:00.000
46417, 9, 2012, 2, 17,2012/09/24 17:00:00.000
46418, 9, 2012, 6, 13,2012/09/07 13:00:00.000
46419, 9, 2012, 2, 8,2012/09/24 08:00:00.000
46431, 10, 2012, 7, 22,2012/10/13 22:00:00.000
46432, 10, 2012, 2, 13,2012/10/08 13:00:00.000
46434, 10, 2012, 4, 11,2012/10/03 11:00:00.000
46435, 8, 2012, 3, 20,2012/08/21 20:00:00.000
46436, 8, 2012, 4, 13,2012/08/22 13:00:00.000
46437, 8, 2012, 7, 11,2012/08/25 11:00:00.000
46438, 10, 2012, 3, 11,2012/10/02 11:00:00.000
46439, 10, 2012, 4, 16,2012/10/03 16:00:00.000
46443, 10, 2012, 4, 12,2012/10/03 12:00:00.000
46444, 8, 2012, 4, 18,2012/08/22 18:00:00.000
46445, 10, 2012, 1, 15,2012/10/07 15:00:00.000
46446, 9, 2012, 6, 17,2012/09/28 17:00:00.000
46448, 10, 2012, 5, 11,2012/10/11 11:00:00.000
46449, 10, 2012, 4, 19,2012/10/10 19:00:00.000
46450, 9, 2012, 2, 13,2012/09/24 13:00:00.000
46451, 8, 2012, 5, 19,2012/08/30 19:00:00.000
46496, 10, 2012, 4, 16,2012/10/31 16:00:00.000
46497, 10, 2012, 4, 12,2012/10/24 12:00:00.000
46498, 10, 2012, 5, 13,2012/10/25 13:00:00.000
46499, 10, 2012, 7, 19,2012/10/27 19:00:00.000
46512, 10, 2012, 5, 15,2012/10/25 15:00:00.000
46513, 10, 2012, 3, 12,2012/10/23 12:00:00.000
46514, 10, 2012, 7, 15,2012/10/20 15:00:00.000
46562, 10, 2012, 4, 10,2012/10/31 10:00:00.000
46563, 11, 2012, 6, 12,2012/11/02 12:00:00.000
46564, 11, 2012, 7, 16,2012/11/03 16:00:00.000
46565, 11, 2012, 1, 20,2012/11/04 20:00:00.000
46566, 11, 2012, 2, 11,2012/11/05 11:00:00.000
46567, 11, 2012, 4, 16,2012/11/07 16:00:00.000
46568, 11, 2012, 5, 11,2012/11/08 11:00:00.000
46569, 11, 2012, 5, 19,2012/11/08 19:00:00.000
46570, 11, 2012, 1, 19,2012/11/11 19:00:00.000
46571, 10, 2012, 7, 21,2012/10/13 21:00:00.000
46572, 11, 2012, 6, 12,2012/11/02 12:00:00.000
46573, 11, 2012, 2, 20,2012/11/05 20:00:00.000
46574, 10, 2012, 4, 22,2012/10/24 22:00:00.000
46575, 10, 2012, 2, 2,2012/10/29 02:00:00.000
46576, 10, 2012, 1, 17,2012/10/28 17:00:00.000
46581, 10, 2012, 5, 21,2012/10/18 21:00:00.000
46582, 11, 2012, 5, 19,2012/11/01 19:00:00.000
46583, 11, 2012, 3, 21,2012/11/06 21:00:00.000
46584, 11, 2012, 5, 12,2012/11/08 12:00:00.000
46585, 11, 2012, 3, 18,2012/11/13 18:00:00.000
46586, 11, 2012, 6, 11,2012/11/16 11:00:00.000
46587, 11, 2012, 2, 16,2012/11/19 16:00:00.000
46588, 11, 2012, 7, 14,2012/11/03 14:00:00.000
46589, 11, 2012, 6, 14,2012/11/02 14:00:00.000
46590, 11, 2012, 5, 11,2012/11/22 11:00:00.000
46591, 11, 2012, 4, 11,2012/11/21 11:00:00.000
46592, 11, 2012, 4, 18,2012/11/07 18:00:00.000
46593, 11, 2012, 6, 21,2012/11/23 21:00:00.000
46594, 10, 2012, 7, 21,2012/10/13 21:00:00.000
46612, 11, 2012, 6, 14,2012/11/23 14:00:00.000
46630, 12, 2012, 7, 20,2012/12/01 20:00:00.000
46633, 11, 2012, 5, 12,2012/11/15 12:00:00.000
46702, 12, 2012, 3, 17,2012/12/11 17:00:00.000
46703, 12, 2012, 2, 18,2012/12/10 18:00:00.000
46704, 12, 2012, 2, 18,2012/12/10 18:00:00.000
46705, 12, 2012, 4, 17,2012/12/12 17:00:00.000
46708, 12, 2012, 5, 16,2012/12/06 16:00:00.000
46710, 11, 2012, 5, 10,2012/11/29 10:00:00.000
46712, 12, 2012, 5, 13,2012/12/06 13:00:00.000
46734, 12, 2012, 1, 20,2012/12/16 20:00:00.000
46735, 12, 2012, 6, 20,2012/12/07 20:00:00.000
46746, 12, 2012, 6, 14,2012/12/07 14:00:00.000
46747, 12, 2012, 5, 20,2012/12/06 20:00:00.000
46748, 12, 2012, 4, 12,2012/12/05 12:00:00.000
46750, 12, 2012, 6, 17,2012/12/21 17:00:00.000
46751, 12, 2012, 5, 22,2012/12/13 22:00:00.000
46752, 12, 2012, 2, 10,2012/12/10 10:00:00.000
46753, 12, 2012, 5, 13,2012/12/20 13:00:00.000
46754, 12, 2012, 4, 20,2012/12/12 20:00:00.000
46755, 12, 2012, 6, 9,2012/12/21 09:00:00.000
46756, 12, 2012, 5, 9,2012/12/20 09:00:00.000
46780, 12, 2012, 7, 21,2012/12/29 21:00:00.000
46781, 12, 2012, 2, 11,2012/12/31 11:00:00.000
46823, 12, 2012, 1, 22,2012/12/16 22:00:00.000
46839, 12, 2012, 7, 19,2012/12/29 19:00:00.000
46840, 12, 2012, 4, 21,2012/12/26 21:00:00.000
46841, 12, 2012, 5, 16,2012/12/27 16:00:00.000
46842, 12, 2012, 7, 21,2012/12/22 21:00:00.000
46844, 12, 2012, 7, 19,2012/12/22 19:00:00.000
46845, 12, 2012, 7, 19,2012/12/08 19:00:00.000
46846, 8, 2012, 3, 22,2012/08/21 22:00:00.000
46847, 5, 2012, 2, 20,2012/05/07 20:00:00.000
46850, 1, 2013, 3, 15,2013/01/22 15:00:00.000
46852, 1, 2013, 5, 20,2013/01/24 20:00:00.000
46853, 1, 2013, 6, 14,2013/01/25 14:00:00.000
46854, 1, 2013, 2, 14,2013/01/21 14:00:00.000
46855, 1, 2013, 7, 14,2013/01/05 14:00:00.000
46856, 1, 2013, 5, 12,2013/01/17 12:00:00.000
46857, 1, 2013, 5, 17,2013/01/03 17:00:00.000
46858, 1, 2013, 6, 17,2013/01/18 17:00:00.000
46859, 1, 2013, 7, 13,2013/01/19 13:00:00.000
46860, 1, 2013, 6, 16,2013/01/11 16:00:00.000
46861, 1, 2013, 4, 16,2013/01/02 16:00:00.000
46862, 1, 2013, 6, 17,2013/01/25 17:00:00.000
46863, 1, 2013, 6, 21,2013/01/11 21:00:00.000
46864, 1, 2013, 4, 18,2013/01/16 18:00:00.000
46865, 1, 2013, 6, 13,2013/01/25 13:00:00.000
46871, 1, 2013, 4, 21,2013/01/23 21:00:00.000
46872, 1, 2013, 4, 13,2013/01/23 13:00:00.000
46873, 1, 2013, 1, 11,2013/01/27 11:00:00.000
46900, 2, 2012, 3, 19,2012/02/07 19:00:00.000
46901, 3, 2012, 2, 20,2012/03/26 20:00:00.000
46914, 2, 2013, 7, 18,2013/02/02 18:00:00.000
46916, 1, 2013, 3, 19,2013/01/29 19:00:00.000
46918, 1, 2013, 7, 15,2013/01/26 15:00:00.000
46919, 1, 2013, 4, 14,2013/01/30 14:00:00.000
46969, 2, 2013, 1, 23,2013/02/03 23:00:00.000
46972, 1, 2013, 5, 11,2013/01/31 11:00:00.000
46973, 1, 2013, 4, 21,2013/01/23 21:00:00.000
46977, 2, 2013, 4, 22,2013/02/06 22:00:00.000
46980, 1, 2013, 4, 20,2013/01/02 20:00:00.000
47011, 2, 2013, 1, 21,2013/02/10 21:00:00.000
47012, 2, 2013, 6, 19,2013/02/08 19:00:00.000
47013, 2, 2013, 2, 12,2013/02/04 12:00:00.000
47014, 2, 2013, 3, 2,2013/02/05 02:00:00.000
47015, 2, 2013, 7, 10,2013/02/16 10:00:00.000
47016, 2, 2013, 7, 18,2013/02/16 18:00:00.000
47017, 2, 2013, 4, 12,2013/02/13 12:00:00.000
47018, 2, 2013, 7, 20,2013/02/16 20:00:00.000
47019, 2, 2013, 3, 22,2013/02/12 22:00:00.000
47023, 2, 2013, 7, 15,2013/02/16 15:00:00.000
47024, 2, 2013, 2, 15,2013/02/18 15:00:00.000
47025, 2, 2013, 1, 11,2013/02/17 11:00:00.000
47047, 2, 2013, 6, 10,2013/02/22 10:00:00.000
47048, 2, 2013, 7, 17,2013/02/23 17:00:00.000
47074, 2, 2013, 2, 14,2013/02/25 14:00:00.000
47075, 3, 2013, 7, 12,2013/03/02 12:00:00.000
47080, 2, 2013, 1, 14,2013/02/24 14:00:00.000
47081, 3, 2013, 7, 13,2013/03/02 13:00:00.000
47082, 4, 2012, 4, 11,2012/04/11 11:00:00.000
47102, 3, 2013, 3, 12,2013/03/05 12:00:00.000
47108, 2, 2013, 4, 18,2013/02/27 18:00:00.000
47109, 3, 2013, 2, 21,2013/03/04 21:00:00.000
47110, 3, 2013, 6, 21,2013/03/01 21:00:00.000
47132, 3, 2013, 1, 12,2013/03/10 12:00:00.000
47133, 3, 2013, 4, 13,2013/03/06 13:00:00.000
47134, 1, 2013, 2, 14,2013/01/28 14:00:00.000
47138, 3, 2013, 2, 23,2013/03/11 23:00:00.000
47142, 3, 2013, 3, 12,2013/03/12 12:00:00.000
47154, 3, 2013, 2, 21,2013/03/11 21:00:00.000
47155, 3, 2013, 3, 15,2013/03/19 15:00:00.000
47156, 3, 2013, 2, 12,2013/03/18 12:00:00.000
47158, 3, 2013, 7, 19,2013/03/16 19:00:00.000
47159, 3, 2013, 7, 12,2013/03/16 12:00:00.000
47296, 3, 2013, 3, 14,2013/03/26 14:00:00.000
47297, 3, 2013, 7, 12,2013/03/23 12:00:00.000
47298, 3, 2013, 1, 23,2013/03/31 23:00:00.000
47333, 3, 2013, 6, 18,2013/03/22 18:00:00.000
47334, 3, 2013, 7, 14,2013/03/23 14:00:00.000
47339, 3, 2013, 4, 13,2013/03/27 13:00:00.000
47351, 3, 2013, 2, 20,2013/03/18 20:00:00.000
47353, 3, 2013, 6, 16,2013/03/29 16:00:00.000
47354, 4, 2013, 4, 19,2013/04/03 19:00:00.000
47422, 4, 2013, 1, 16,2013/04/07 16:00:00.000
47647, 2, 2013, 7, 20,2013/02/16 20:00:00.000
47648, 4, 2013, 7, 12,2013/04/20 12:00:00.000
47649, 4, 2013, 6, 13,2013/04/12 13:00:00.000
47650, 4, 2013, 6, 11,2013/04/05 11:00:00.000
47651, 4, 2013, 6, 20,2013/04/19 20:00:00.000
47652, 3, 2013, 3, 18,2013/03/12 18:00:00.000
47659, 4, 2013, 2, 14,2013/04/22 14:00:00.000
47661, 4, 2013, 2, 19,2013/04/22 19:00:00.000
47665, 4, 2013, 5, 20,2013/04/18 20:00:00.000
47674, 4, 2013, 5, 12,2013/04/18 12:00:00.000
47675, 4, 2013, 3, 22,2013/04/16 22:00:00.000
47694, 4, 2013, 6, 19,2013/04/19 19:00:00.000
47697, 4, 2013, 1, 14,2013/04/21 14:00:00.000
47698, 4, 2013, 3, 2,2013/04/16 02:00:00.000
47699, 4, 2013, 2, 11,2013/04/22 11:00:00.000
47872, 4, 2013, 5, 9,2013/04/25 09:00:00.000
47876, 4, 2013, 1, 12,2013/04/21 12:00:00.000
47879, 4, 2013, 6, 12,2013/04/26 12:00:00.000
47888, 4, 2013, 3, 17,2013/04/23 17:00:00.000
47894, 4, 2013, 4, 18,2013/04/24 18:00:00.000
47901, 4, 2013, 4, 13,2013/04/24 13:00:00.000
47926, 4, 2013, 1, 15,2013/04/07 15:00:00.000
47936, 4, 2013, 3, 13,2013/04/30 13:00:00.000
47965, 5, 2013, 1, 11,2013/05/05 11:00:00.000
47966, 5, 2013, 6, 14,2013/05/03 14:00:00.000
47979, 4, 2013, 2, 20,2013/04/22 20:00:00.000
47980, 4, 2013, 5, 12,2013/04/25 12:00:00.000
47981, 4, 2013, 3, 21,2013/04/30 21:00:00.000
47983, 5, 2013, 5, 19,2013/05/02 19:00:00.000
47992, 5, 2013, 6, 13,2013/05/03 13:00:00.000
47998, 5, 2013, 3, 20,2013/05/07 20:00:00.000
48012, 5, 2013, 4, 15,2013/05/08 15:00:00.000
48013, 5, 2013, 5, 16,2013/05/09 16:00:00.000
48014, 5, 2013, 7, 11,2013/05/11 11:00:00.000
48053, 5, 2013, 5, 13,2013/05/09 13:00:00.000
48055, 5, 2013, 4, 17,2013/05/08 17:00:00.000
48058, 4, 2013, 3, 21,2013/04/30 21:00:00.000
48137, 11, 2006, 1, 18,2006/11/26 18:00:00.000
48429, 5, 2013, 4, 19,2013/05/22 19:00:00.000
48438, 5, 2013, 7, 19,2013/05/18 19:00:00.000
48630, 5, 2013, 5, 16,2013/05/30 16:00:00.000
48652, 5, 2013, 5, 15,2013/05/30 15:00:00.000
48653, 5, 2013, 4, 9,2013/05/22 09:00:00.000
48654, 5, 2013, 6, 6,2013/05/31 06:00:00.000
48656, 5, 2013, 6, 14,2013/05/03 14:00:00.000
48657, 5, 2013, 4, 15,2013/05/01 15:00:00.000
48658, 5, 2013, 4, 19,2013/05/29 19:00:00.000
48660, 5, 2013, 6, 10,2013/05/24 10:00:00.000
48661, 5, 2013, 7, 13,2013/05/25 13:00:00.000
48662, 5, 2013, 5, 19,2013/05/23 19:00:00.000
48727, 6, 2013, 6, 11,2013/06/14 11:00:00.000
48729, 6, 2013, 6, 10,2013/06/07 10:00:00.000
48731, 5, 2013, 1, 18,2013/05/05 18:00:00.000
48762, 6, 2013, 7, 17,2013/06/01 17:00:00.000
48772, 6, 2013, 4, 16,2013/06/05 16:00:00.000
48791, 6, 2013, 7, 13,2013/06/08 13:00:00.000
48793, 5, 2013, 7, 19,2013/05/18 19:00:00.000
48795, 6, 2013, 1, 19,2013/06/09 19:00:00.000
48796, 6, 2013, 6, 14,2013/06/07 14:00:00.000
48797, 6, 2013, 6, 10,2013/06/07 10:00:00.000
48799, 6, 2013, 3, 21,2013/06/18 21:00:00.000
48800, 6, 2013, 5, 10,2013/06/06 10:00:00.000
48801, 6, 2013, 7, 16,2013/06/15 16:00:00.000
48803, 6, 2013, 6, 17,2013/06/21 17:00:00.000
48804, 5, 2013, 4, 15,2013/05/08 15:00:00.000
48876, 6, 2013, 2, 13,2013/06/24 13:00:00.000
48878, 6, 2013, 3, 12,2013/06/25 12:00:00.000
48879, 6, 2013, 4, 12,2013/06/26 12:00:00.000
48881, 6, 2013, 4, 9,2013/06/26 09:00:00.000
48883, 6, 2013, 2, 16,2013/06/24 16:00:00.000
48912, 6, 2013, 7, 11,2013/06/15 11:00:00.000
49053, 7, 2013, 5, 14,2013/07/04 14:00:00.000
49113, 6, 2013, 7, 12,2013/06/15 12:00:00.000
49115, 2, 2013, 5, 10,2013/02/21 10:00:00.000
49116, 7, 2013, 3, 9,2013/07/16 09:00:00.000
49117, 7, 2013, 7, 15,2013/07/06 15:00:00.000
49118, 7, 2013, 5, 19,2013/07/25 19:00:00.000
49119, 7, 2013, 6, 20,2013/07/19 20:00:00.000
49120, 7, 2013, 6, 14,2013/07/19 14:00:00.000
49121, 7, 2013, 7, 16,2013/07/06 16:00:00.000
49122, 7, 2013, 3, 14,2013/07/09 14:00:00.000
49123, 7, 2013, 6, 15,2013/07/05 15:00:00.000
49124, 7, 2013, 5, 12,2013/07/04 12:00:00.000
49125, 7, 2013, 1, 15,2013/07/07 15:00:00.000
49152, 7, 2013, 7, 13,2013/07/27 13:00:00.000
49154, 7, 2013, 5, 20,2013/07/25 20:00:00.000
49155, 7, 2013, 6, 20,2013/07/05 20:00:00.000
49156, 7, 2013, 6, 18,2013/07/26 18:00:00.000
49157, 6, 2013, 6, 15,2013/06/28 15:00:00.000
49158, 7, 2013, 6, 22,2013/07/26 22:00:00.000
49194, 7, 2013, 4, 20,2013/07/31 20:00:00.000
49233, 8, 2013, 7, 15,2013/08/03 15:00:00.000
49237, 8, 2013, 1, 22,2013/08/04 22:00:00.000
49451, 8, 2013, 5, 11,2013/08/15 11:00:00.000
49454, 8, 2013, 4, 13,2013/08/21 13:00:00.000
49472, 8, 2013, 4, 14,2013/08/21 14:00:00.000
49473, 8, 2013, 2, 19,2013/08/19 19:00:00.000
49474, 9, 2013, 1, 0,2013/09/01 00:00:00.000
49475, 8, 2013, 4, 16,2013/08/07 16:00:00.000
49476, 8, 2013, 3, 21,2013/08/06 21:00:00.000
49478, 8, 2013, 7, 12,2013/08/17 12:00:00.000
49479, 8, 2013, 5, 20,2013/08/08 20:00:00.000
49493, 8, 2013, 1, 19,2013/08/18 19:00:00.000
49494, 8, 2013, 2, 18,2013/08/26 18:00:00.000
49511, 8, 2013, 4, 12,2013/08/07 12:00:00.000
49513, 8, 2013, 3, 9,2013/08/06 09:00:00.000
49591, 8, 2013, 5, 14,2013/08/22 14:00:00.000
49592, 8, 2013, 5, 20,2013/08/29 20:00:00.000
49593, 8, 2013, 6, 15,2013/08/30 15:00:00.000
49594, 9, 2013, 1, 9,2013/09/01 09:00:00.000
49611, 9, 2013, 3, 17,2013/09/03 17:00:00.000
49612, 9, 2013, 5, 20,2013/09/05 20:00:00.000
49614, 9, 2013, 5, 14,2013/09/05 14:00:00.000
49615, 9, 2013, 1, 18,2013/09/15 18:00:00.000
49616, 9, 2013, 6, 13,2013/09/20 13:00:00.000
49617, 8, 2013, 7, 13,2013/08/31 13:00:00.000
49618, 8, 2013, 7, 12,2013/08/31 12:00:00.000
49619, 8, 2013, 7, 15,2013/08/31 15:00:00.000
49620, 9, 2013, 1, 18,2013/09/08 18:00:00.000
49651, 9, 2013, 4, 17,2013/09/11 17:00:00.000
49671, 9, 2013, 7, 13,2013/09/21 13:00:00.000
49672, 4, 2013, 2, 14,2013/04/15 14:00:00.000
49673, 9, 2013, 6, 13,2013/09/13 13:00:00.000
49691, 9, 2013, 5, 14,2013/09/26 14:00:00.000
49751, 9, 2013, 4, 11,2013/09/18 11:00:00.000
49792, 10, 2013, 6, 15,2013/10/04 15:00:00.000
49795, 9, 2013, 1, 11,2013/09/29 11:00:00.000
49796, 9, 2013, 1, 17,2013/09/29 17:00:00.000
49797, 10, 2013, 1, 13,2013/10/06 13:00:00.000
49798, 10, 2013, 4, 20,2013/10/02 20:00:00.000
49814, 9, 2013, 2, 17,2013/09/16 17:00:00.000
49876, 10, 2013, 5, 17,2013/10/03 17:00:00.000
49878, 10, 2013, 6, 18,2013/10/11 18:00:00.000
49880, 10, 2013, 7, 18,2013/10/12 18:00:00.000
49882, 10, 2013, 2, 15,2013/10/14 15:00:00.000
49892, 10, 2013, 2, 20,2013/10/14 20:00:00.000
49911, 10, 2013, 7, 21,2013/10/05 21:00:00.000
49931, 10, 2013, 4, 16,2013/10/09 16:00:00.000
49932, 10, 2013, 5, 18,2013/10/10 18:00:00.000
49933, 10, 2013, 7, 18,2013/10/12 18:00:00.000
49934, 10, 2013, 7, 12,2013/10/12 12:00:00.000
49935, 10, 2013, 7, 18,2013/10/05 18:00:00.000
50053, 10, 2013, 1, 18,2013/10/20 19:00:00.000
50091, 10, 2013, 7, 11,2013/10/19 11:00:00.000
50093, 10, 2013, 6, 22,2013/10/11 22:00:00.000
50095, 10, 2013, 3, 17,2013/10/15 17:00:00.000
50097, 10, 2013, 1, 19,2013/10/27 19:00:00.000
50099, 11, 2013, 2, 14,2013/11/04 14:00:00.000
50131, 11, 2013, 6, 21,2013/11/08 21:00:00.000
50132, 11, 2013, 1, 17,2013/11/10 17:00:00.000
50233, 12, 2013, 1, 14,2013/12/15 14:00:00.000
50234, 12, 2013, 6, 15,2013/12/20 15:00:00.000
50236, 12, 2013, 1, 19,2013/12/29 19:00:00.000
50238, 12, 2013, 2, 21,2013/12/16 21:00:00.000
50239, 12, 2013, 3, 13,2013/12/10 13:00:00.000
50240, 12, 2013, 4, 12,2013/12/18 12:00:00.000
50245, 12, 2013, 6, 12,2013/12/13 12:00:00.000
50246, 12, 2013, 4, 12,2013/12/18 12:00:00.000
50248, 12, 2013, 1, 20,2013/12/15 20:00:00.000
50251, 12, 2013, 4, 9,2013/12/18 09:00:00.000
50252, 12, 2013, 5, 20,2013/12/26 20:00:00.000
50253, 12, 2013, 3, 14,2013/12/31 14:00:00.000
50291, 10, 2013, 2, 19,2013/10/21 19:00:00.000
50292, 10, 2013, 3, 19,2013/10/22 19:00:00.000
50313, 11, 2013, 2, 12,2013/11/25 12:00:00.000
50314, 10, 2013, 3, 20,2013/10/22 20:00:00.000
50315, 12, 2013, 4, 20,2013/12/18 20:00:00.000
50317, 10, 2013, 1, 13,2013/10/27 13:00:00.000
50318, 12, 2013, 5, 18,2013/12/19 18:00:00.000
50320, 10, 2013, 1, 19,2013/10/27 19:00:00.000
50321, 10, 2013, 3, 12,2013/10/29 12:00:00.000
50322, 10, 2013, 4, 16,2013/10/30 16:00:00.000
50324, 11, 2013, 2, 13,2013/11/04 13:00:00.000
50331, 11, 2013, 4, 10,2013/11/06 10:00:00.000
50332, 11, 2013, 6, 18,2013/11/08 18:00:00.000
50333, 11, 2013, 2, 12,2013/11/11 12:00:00.000
50334, 11, 2013, 5, 19,2013/11/14 19:00:00.000
50335, 11, 2013, 4, 22,2013/11/20 22:00:00.000
50337, 11, 2013, 4, 11,2013/11/20 11:00:00.000
50339, 11, 2013, 6, 19,2013/11/29 19:00:00.000
50341, 12, 2013, 3, 17,2013/12/03 17:00:00.000
50342, 12, 2013, 4, 14,2013/12/04 14:00:00.000
50343, 12, 2013, 5, 11,2013/12/05 11:00:00.000
50344, 12, 2013, 7, 10,2013/12/07 10:00:00.000
50346, 12, 2013, 3, 12,2013/12/10 12:00:00.000
50347, 12, 2013, 2, 11,2013/12/30 11:00:00.000
50348, 9, 2013, 1, 21,2013/09/15 21:00:00.000
50349, 11, 2013, 2, 21,2013/11/04 21:00:00.000
50352, 11, 2013, 7, 21,2013/11/16 21:00:00.000
50353, 12, 2013, 7, 20,2013/12/07 20:00:00.000
50354, 12, 2013, 3, 20,2013/12/10 20:00:00.000
50412, 12, 2013, 6, 3,2013/12/13 03:00:00.000
50453, 12, 2013, 2, 19,2013/12/16 19:00:00.000
50511, 11, 2013, 1, 12,2013/11/10 12:00:00.000
50513, 12, 2013, 3, 14,2013/12/03 14:00:00.000
50515, 12, 2013, 6, 20,2013/12/06 20:00:00.000
50516, 12, 2013, 7, 22,2013/12/14 22:00:00.000
50692, 9, 2013, 5, 17,2013/09/12 17:00:00.000
50693, 10, 2012, 5, 18,2012/10/04 18:00:00.000
50712, 10, 2012, 1, 20,2012/10/14 20:00:00.000
50713, 1, 2012, 7, 18,2012/01/07 18:00:00.000
50714, 1, 2012, 3, 18,2012/01/17 18:00:00.000
50753, 3, 2014, 1, 16,2014/03/16 16:00:00.000
50771, 1, 2014, 6, 11,2014/01/03 11:00:00.000
50791, 1, 2014, 1, 13,2014/01/12 13:00:00.000
50792, 1, 2014, 3, 20,2014/01/21 20:00:00.000
50794, 1, 2014, 2, 8,2014/01/27 08:00:00.000
50797, 1, 2014, 4, 13,2014/01/29 13:00:00.000
50799, 1, 2014, 6, 10,2014/01/31 10:00:00.000
50800, 2, 2014, 7, 12,2014/02/01 12:00:00.000
50801, 2, 2014, 7, 15,2014/02/01 15:00:00.000
50801, 2, 2014, 7, 15,2014/02/01 15:00:00.000
50802, 2, 2014, 4, 10,2014/02/05 10:00:00.000
50803, 2, 2014, 6, 13,2014/02/07 13:00:00.000
50804, 2, 2014, 1, 13,2014/02/09 13:00:00.000
50805, 2, 2014, 1, 12,2014/02/09 12:00:00.000
50806, 2, 2014, 4, 9,2014/02/12 09:00:00.000
50807, 2, 2014, 7, 11,2014/02/15 11:00:00.000
50808, 2, 2014, 7, 22,2014/02/15 22:00:00.000
50809, 2, 2014, 3, 13,2014/02/18 13:00:00.000
50810, 2, 2014, 4, 17,2014/02/19 17:00:00.000
50812, 2, 2014, 3, 20,2014/02/25 20:00:00.000
50831, 9, 2012, 1, 20,2012/09/09 20:00:00.000
50838, 12, 2013, 3, 13,2013/12/03 13:00:00.000
50916, 3, 2014, 5, 13,2014/03/06 13:00:00.000
50918, 4, 2014, 4, 14,2014/04/09 14:00:00.000
50919, 4, 2014, 1, 10,2014/04/06 10:00:00.000
50952, 2, 2014, 4, 19,2014/02/19 19:00:00.000
50972, 3, 2014, 3, 15,2014/03/18 15:00:00.000
50973, 4, 2014, 2, 14,2014/04/07 14:00:00.000
50974, 4, 2014, 6, 12,2014/04/04 12:00:00.000
50975, 2, 2014, 5, 20,2014/02/27 20:00:00.000
50976, 3, 2014, 1, 16,2014/03/02 16:00:00.000
50977, 3, 2014, 2, 11,2014/03/03 11:00:00.000
50978, 3, 2014, 1, 13,2014/03/09 13:00:00.000
50979, 3, 2014, 3, 20,2014/03/11 20:00:00.000
50980, 3, 2014, 3, 18,2014/03/11 18:00:00.000
50981, 3, 2014, 6, 20,2014/03/14 20:00:00.000
50983, 2, 2014, 4, 11,2014/02/26 11:00:00.000
50984, 1, 2014, 3, 22,2014/01/14 22:00:00.000
50985, 4, 2014, 4, 10,2014/04/09 10:00:00.000
50991, 2, 2014, 2, 9,2014/02/24 09:00:00.000
50992, 3, 2014, 1, 13,2014/03/23 13:00:00.000
50993, 3, 2014, 1, 17,2014/03/23 17:00:00.000
50994, 3, 2014, 2, 13,2014/03/24 13:00:00.000
50995, 3, 2014, 4, 21,2014/03/26 21:00:00.000
50996, 3, 2014, 4, 21,2014/03/26 21:00:00.000
50998, 3, 2014, 6, 19,2014/03/28 19:00:00.000
50999, 3, 2014, 6, 20,2014/03/28 20:00:00.000
51000, 3, 2014, 7, 20,2014/03/29 20:00:00.000
51001, 4, 2014, 1, 11,2014/04/06 11:00:00.000
51002, 4, 2014, 3, 18,2014/04/15 18:00:00.000
51003, 4, 2014, 4, 20,2014/04/16 20:00:00.000
51004, 4, 2014, 3, 19,2014/04/22 19:00:00.000
51005, 4, 2014, 3, 13,2014/04/22 13:00:00.000
51006, 4, 2014, 4, 12,2014/04/23 12:00:00.000
51007, 4, 2014, 5, 18,2014/04/24 18:00:00.000
51008, 4, 2014, 5, 17,2014/04/24 17:00:00.000
51009, 4, 2014, 4, 22,2014/04/30 22:00:00.000
51010, 5, 2014, 6, 19,2014/05/02 19:00:00.000
51011, 5, 2014, 7, 15,2014/05/03 15:00:00.000
51012, 2, 2014, 4, 14,2014/02/19 14:00:00.000
51013, 4, 2014, 7, 19,2014/04/12 19:00:00.000
51015, 1, 2014, 4, 17,2014/01/29 17:00:00.000
51016, 2, 2014, 6, 20,2014/02/21 20:00:00.000
51018, 4, 2014, 4, 17,2014/04/16 17:00:00.000
51019, 2, 2014, 1, 9,2014/02/16 09:00:00.000
51020, 2, 2014, 6, 19,2014/02/28 19:00:00.000
51021, 3, 2014, 2, 13,2014/03/03 13:00:00.000
51022, 3, 2014, 1, 17,2014/03/09 17:00:00.000
51023, 3, 2014, 2, 17,2014/03/10 17:00:00.000
51024, 3, 2014, 1, 17,2014/03/16 17:00:00.000
51025, 3, 2014, 2, 15,2014/03/17 15:00:00.000
51026, 3, 2014, 2, 19,2014/03/17 19:00:00.000
51027, 4, 2014, 4, 16,2014/04/09 16:00:00.000
51031, 4, 2014, 4, 17,2014/04/09 17:00:00.000
51032, 4, 2014, 1, 13,2014/04/20 13:00:00.000
51033, 4, 2014, 4, 11,2014/04/30 11:00:00.000
51052, 2, 2014, 3, 20,2014/02/04 20:00:00.000
51053, 2, 2014, 5, 13,2014/02/06 13:00:00.000
51054, 2, 2014, 1, 20,2014/02/09 20:00:00.000
51055, 2, 2014, 5, 10,2014/02/13 10:00:00.000
51071, 2, 2014, 5, 17,2014/02/13 17:00:00.000
51391, 4, 2014, 5, 15,2014/04/17 15:00:00.000
51393, 4, 2014, 1, 20,2014/04/27 20:00:00.000
51394, 5, 2014, 7, 20,2014/05/10 20:00:00.000
51412, 5, 2014, 7, 20,2014/05/10 20:00:00.000
51413, 5, 2014, 4, 18,2014/05/21 18:00:00.000
51414, 5, 2014, 6, 2,2014/05/30 02:00:00.000
51416, 6, 2014, 7, 4,2014/06/07 04:00:00.000
51417, 5, 2014, 5, 11,2014/05/08 11:00:00.000
51418, 1, 2014, 3, 14,2014/01/21 14:00:00.000
51419, 1, 2014, 6, 15,2014/01/24 15:00:00.000
51420, 1, 2014, 5, 20,2014/01/30 20:00:00.000
51432, 2, 2014, 5, 17,2014/02/13 17:00:00.000
51433, 2, 2014, 4, 15,2014/02/26 15:00:00.000
51433, 2, 2014, 4, 15,2014/02/26 15:00:00.000
51434, 3, 2014, 3, 19,2014/03/04 19:00:00.000
51435, 3, 2014, 1, 19,2014/03/09 19:00:00.000
51436, 5, 2014, 2, 18,2014/05/19 18:00:00.000
51436, 5, 2014, 2, 18,2014/05/19 18:00:00.000
51437, 5, 2014, 7, 14,2014/05/03 14:00:00.000
51438, 5, 2014, 4, 13,2014/05/28 13:00:00.000
51439, 1, 2014, 4, 15,2014/01/08 15:00:00.000
51440, 1, 2014, 5, 16,2014/01/09 16:00:00.000
51441, 4, 2014, 5, 20,2014/04/17 20:00:00.000
51442, 4, 2014, 7, 19,2014/04/26 19:00:00.000
51443, 5, 2014, 5, 14,2014/05/01 14:00:00.000
51444, 5, 2014, 7, 19,2014/05/03 19:00:00.000
51445, 5, 2014, 6, 16,2014/05/09 16:00:00.000
51446, 5, 2014, 6, 13,2014/05/09 13:00:00.000
51448, 5, 2014, 3, 13,2014/05/13 13:00:00.000
51449, 5, 2014, 3, 15,2014/05/13 15:00:00.000
51517, 6, 2014, 7, 11,2014/06/07 11:00:00.000
51531, 6, 2014, 7, 14,2014/06/07 14:00:00.000
51532, 6, 2014, 7, 13,2014/06/07 13:00:00.000
51533, 6, 2014, 4, 15,2014/06/11 15:00:00.000
51534, 6, 2014, 6, 10,2014/06/13 10:00:00.000
51535, 5, 2014, 7, 17,2014/05/31 17:00:00.000
51536, 6, 2014, 6, 16,2014/06/06 16:00:00.000
51537, 6, 2014, 1, 13,2014/06/08 13:00:00.000
51567, 6, 2014, 3, 18,2014/06/17 18:00:00.000
51568, 6, 2014, 5, 13,2014/06/19 13:00:00.000
51596, 6, 2014, 2, 21,2014/06/30 21:00:00.000
51597, 7, 2014, 5, 17,2014/07/03 17:00:00.000
51653, 6, 2014, 5, 19,2014/06/19 19:00:00.000
51653, 6, 2014, 5, 19,2014/06/19 19:00:00.000
51654, 6, 2014, 2, 21,2014/06/30 21:00:00.000
51655, 7, 2014, 7, 12,2014/07/05 12:00:00.000
51656, 7, 2014, 7, 14,2014/07/05 14:00:00.000
51671, 7, 2014, 5, 15,2014/07/10 15:00:00.000
51672, 7, 2014, 6, 18,2014/07/04 18:00:00.000
51673, 6, 2014, 2, 13,2014/06/23 13:00:00.000
51674, 6, 2014, 2, 15,2014/06/30 15:00:00.000
51675, 7, 2014, 7, 14,2014/07/05 14:00:00.000
51676, 7, 2014, 6, 13,2014/07/11 13:00:00.000
51716, 7, 2014, 4, 15,2014/07/16 15:00:00.000
51720, 7, 2014, 7, 20,2014/07/12 20:00:00.000
51731, 6, 2014, 6, 14,2014/06/27 14:00:00.000
51751, 7, 2014, 6, 11,2014/07/25 11:00:00.000
51752, 7, 2014, 7, 18,2014/07/19 18:00:00.000
51753, 7, 2014, 1, 19,2014/07/06 19:00:00.000
51754, 7, 2014, 7, 18,2014/07/05 18:00:00.000
51755, 7, 2014, 7, 13,2014/07/12 13:00:00.000
51756, 7, 2014, 2, 12,2014/07/07 12:00:00.000
51771, 12, 2011, 5, 12,2011/12/01 12:00:00.000
51774, 9, 2011, 3, 23,2011/09/06 23:00:00.000
51775, 11, 2011, 7, 14,2011/11/19 14:00:00.000
51776, 11, 2011, 1, 13,2011/11/27 13:00:00.000
51777, 12, 2011, 6, 20,2011/12/23 20:00:00.000
51991, 7, 2014, 2, 17,2014/07/28 17:00:00.000
52231, 9, 2014, 7, 21,2014/09/13 21:00:00.000
52240, 5, 2012, 6, 20,2012/05/25 20:00:00.000
52241, 1, 2012, 7, 20,2012/01/21 20:00:00.000
52262, 8, 2014, 1, 9,2014/08/03 09:00:00.000
52263, 8, 2014, 3, 18,2014/08/05 18:00:00.000
52264, 8, 2014, 2, 20,2014/08/11 20:00:00.000
52265, 8, 2014, 4, 13,2014/08/13 13:00:00.000
52271, 8, 2014, 7, 13,2014/08/23 13:00:00.000
52273, 8, 2014, 7, 17,2014/08/23 17:00:00.000
52274, 8, 2014, 4, 9,2014/08/27 09:00:00.000
52275, 8, 2014, 5, 14,2014/08/28 14:00:00.000
52276, 8, 2014, 7, 13,2014/08/30 13:00:00.000
52277, 8, 2014, 7, 16,2014/08/30 16:00:00.000
52278, 8, 2014, 1, 19,2014/08/31 19:00:00.000
52279, 9, 2014, 1, 14,2014/09/07 14:00:00.000
52280, 9, 2014, 4, 16,2014/09/10 16:00:00.000
52281, 9, 2014, 6, 19,2014/09/12 19:00:00.000
52282, 9, 2014, 2, 18,2014/09/15 18:00:00.000
52283, 7, 2014, 5, 13,2014/07/24 13:00:00.000
52284, 8, 2014, 6, 14,2014/08/22 14:00:00.000
52285, 8, 2014, 7, 15,2014/08/23 15:00:00.000
52286, 8, 2014, 2, 11,2014/08/11 11:00:00.000
52287, 8, 2014, 7, 11,2014/08/16 11:00:00.000
52288, 8, 2014, 7, 19,2014/08/16 19:00:00.000
52288, 8, 2014, 7, 19,2014/08/16 19:00:00.000
52289, 8, 2014, 1, 15,2014/08/17 15:00:00.000
52290, 8, 2014, 3, 17,2014/08/19 17:00:00.000
52291, 8, 2014, 3, 8,2014/08/19 08:00:00.000
52292, 8, 2014, 4, 16,2014/08/20 16:00:00.000
52293, 8, 2014, 4, 18,2014/08/20 18:00:00.000
52295, 9, 2014, 2, 12,2014/09/01 12:00:00.000
52340, 9, 2014, 7, 15,2014/09/20 15:00:00.000
52341, 9, 2014, 1, 19,2014/09/21 19:00:00.000
52342, 9, 2014, 2, 17,2014/09/22 17:00:00.000
52471, 2, 2012, 4, 13,2012/02/15 13:00:00.000
52531, 9, 2014, 6, 16,2014/09/19 16:00:00.000
52532, 9, 2014, 1, 19,2014/09/21 19:00:00.000
52533, 9, 2014, 3, 17,2014/09/23 17:00:00.000
52536, 9, 2014, 1, 17,2014/09/28 17:00:00.000
52537, 9, 2014, 2, 19,2014/09/29 19:00:00.000
52538, 10, 2014, 4, 14,2014/10/01 14:00:00.000
52539, 7, 2014, 1, 19,2014/07/20 19:00:00.000
52539, 7, 2014, 1, 19,2014/07/20 19:00:00.000
52551, 9, 2014, 3, 12,2014/09/16 12:00:00.000
52552, 9, 2014, 2, 16,2014/09/22 16:00:00.000
52553, 9, 2014, 3, 20,2014/09/23 20:00:00.000
52554, 9, 2014, 3, 11,2014/09/30 11:00:00.000
52596, 9, 2014, 5, 23,2014/09/25 23:00:00.000
52631, 8, 2014, 1, 14,2014/08/31 14:00:00.000
52632, 10, 2014, 1, 12,2014/10/05 12:00:00.000
52633, 10, 2014, 4, 12,2014/10/08 12:00:00.000
52634, 10, 2014, 5, 11,2014/10/09 11:00:00.000
52635, 10, 2014, 6, 18,2014/10/10 18:00:00.000
52636, 10, 2014, 7, 16,2014/10/11 16:00:00.000
52637, 10, 2014, 5, 20,2014/10/16 20:00:00.000
52638, 10, 2014, 6, 20,2014/10/17 20:00:00.000
52639, 10, 2014, 1, 19,2014/10/19 20:00:00.000
52640, 10, 2014, 4, 14,2014/10/22 14:00:00.000
52651, 10, 2014, 1, 17,2014/10/26 17:00:00.000
52652, 10, 2014, 2, 16,2014/10/27 16:00:00.000
52653, 10, 2014, 3, 13,2014/10/28 13:00:00.000
52654, 11, 2014, 7, 13,2014/11/01 13:00:00.000
52671, 11, 2014, 2, 17,2014/11/17 17:00:00.000
52672, 10, 2014, 4, 13,2014/10/22 13:00:00.000
52673, 11, 2014, 7, 20,2014/11/08 20:00:00.000
52674, 9, 2014, 3, 19,2014/09/02 19:00:00.000
52675, 11, 2014, 4, 11,2014/11/19 11:00:00.000
52676, 11, 2014, 1, 16,2014/11/30 16:00:00.000
52691, 10, 2014, 6, 15,2014/10/24 15:00:00.000
52692, 11, 2014, 1, 17,2014/11/09 17:00:00.000
52693, 9, 2014, 4, 16,2014/09/24 16:00:00.000
52694, 10, 2014, 5, 16,2014/10/23 16:00:00.000
52695, 10, 2014, 1, 17,2014/10/26 17:00:00.000
52696, 10, 2014, 3, 18,2014/10/28 18:00:00.000
52697, 11, 2014, 2, 17,2014/11/03 17:00:00.000
52698, 11, 2014, 7, 17,2014/11/15 17:00:00.000
52779, 11, 2014, 1, 16,2014/11/30 16:00:00.000
52793, 11, 2014, 7, 13,2014/11/29 13:00:00.000
52811, 8, 2014, 4, 15,2014/08/27 15:00:00.000
52812, 11, 2014, 1, 19,2014/11/30 19:00:00.000
52813, 12, 2014, 7, 21,2014/12/20 21:00:00.000
52814, 1, 2014, 3, 11,2014/01/07 11:00:00.000
52815, 11, 2014, 2, 17,2014/11/10 17:00:00.000
52816, 12, 2014, 3, 14,2014/12/02 14:00:00.000
52817, 12, 2014, 4, 12,2014/12/03 12:00:00.000
52818, 12, 2014, 6, 14,2014/12/05 14:00:00.000
52819, 12, 2014, 7, 10,2014/12/06 10:00:00.000
52831, 12, 2014, 1, 16,2014/12/07 16:00:00.000
52832, 12, 2014, 1, 23,2014/12/14 23:00:00.000
52833, 12, 2014, 3, 17,2014/12/16 17:00:00.000
52834, 12, 2014, 4, 18,2014/12/17 18:00:00.000
52835, 12, 2014, 4, 13,2014/12/17 13:00:00.000
52836, 12, 2014, 5, 19,2014/12/18 19:00:00.000
52837, 12, 2014, 5, 22,2014/12/18 22:00:00.000
52838, 12, 2014, 6, 16,2014/12/19 16:00:00.000
52839, 12, 2014, 3, 20,2014/12/23 20:00:00.000
52840, 12, 2014, 1, 14,2014/12/07 14:00:00.000
52843, 12, 2014, 5, 14,2014/12/11 14:00:00.000
52872, 12, 2014, 3, 17,2014/12/23 17:00:00.000
52873, 12, 2014, 7, 13,2014/12/27 13:00:00.000
52874, 12, 2014, 2, 13,2014/12/29 13:00:00.000
52876, 2, 2014, 4, 11,2014/02/19 11:00:00.000
52934, 1, 2014, 6, 21,2014/01/03 21:00:00.000
52935, 1, 2014, 5, 18,2014/01/09 18:00:00.000
52936, 1, 2014, 7, 17,2014/01/04 17:00:00.000
52937, 1, 2014, 3, 20,2014/01/07 20:00:00.000
52938, 1, 2014, 4, 19,2014/01/08 19:00:00.000
52939, 1, 2014, 2, 20,2014/01/06 20:00:00.000
52940, 1, 2014, 7, 10,2014/01/11 10:00:00.000
52941, 1, 2014, 1, 20,2014/01/12 20:00:00.000
52942, 1, 2014, 7, 19,2014/01/18 19:00:00.000
52943, 1, 2014, 2, 11,2014/01/20 11:00:00.000
52943, 1, 2014, 2, 11,2014/01/20 11:00:00.000
52945, 12, 2014, 3, 20,2014/12/30 20:00:00.000
52946, 12, 2014, 3, 8,2014/12/30 08:00:00.000
52947, 12, 2014, 3, 17,2014/12/30 17:00:00.000
52948, 12, 2014, 6, 13,2014/12/26 13:00:00.000
52958, 7, 2013, 7, 17,2013/07/13 17:00:00.000
52967, 4, 2013, 3, 11,2013/04/09 11:00:00.000
52970, 1, 2015, 2, 18,2015/01/19 18:00:00.000
52971, 1, 2015, 7, 20,2015/01/24 20:00:00.000
52972, 2, 2015, 7, 11,2015/02/07 11:00:00.000
52973, 2, 2015, 7, 11,2015/02/07 11:00:00.000
52974, 2, 2015, 2, 19,2015/02/02 19:00:00.000
52975, 1, 2015, 5, 20,2015/01/08 20:00:00.000
52976, 1, 2015, 1, 22,2015/01/04 22:00:00.000
52977, 1, 2015, 2, 12,2015/01/19 12:00:00.000
52978, 1, 2015, 4, 10,2015/01/14 10:00:00.000
52979, 1, 2015, 6, 14,2015/01/02 14:00:00.000
52980, 1, 2015, 7, 22,2015/01/10 22:00:00.000
52981, 1, 2015, 7, 21,2015/01/10 21:00:00.000
52982, 1, 2015, 5, 20,2015/01/29 20:00:00.000
52983, 1, 2015, 4, 10,2015/01/28 10:00:00.000
52984, 2, 2015, 1, 15,2015/02/01 15:00:00.000
52987, 1, 2015, 7, 14,2015/01/24 14:00:00.000
52988, 2, 2015, 3, 17,2015/02/03 17:00:00.000
52989, 1, 2015, 2, 18,2015/01/26 18:00:00.000
52990, 1, 2015, 6, 16,2015/01/23 16:00:00.000
52991, 1, 2015, 4, 12,2015/01/21 12:00:00.000
52992, 1, 2015, 5, 11,2015/01/01 11:00:00.000
52992, 1, 2015, 5, 11,2015/01/01 11:00:00.000
52993, 1, 2015, 3, 12,2015/01/27 12:00:00.000
53103, 11, 2011, 5, 12,2011/11/24 12:00:00.000
53105, 2, 2015, 3, 20,2015/02/03 20:00:00.000
53106, 2, 2015, 4, 14,2015/02/25 14:00:00.000
53107, 2, 2015, 3, 17,2015/02/24 17:00:00.000
53108, 2, 2015, 2, 21,2015/02/16 21:00:00.000
53109, 3, 2015, 5, 13,2015/03/05 13:00:00.000
53110, 2, 2015, 2, 19,2015/02/16 19:00:00.000
53111, 2, 2015, 5, 10,2015/02/05 10:00:00.000
53112, 3, 2015, 6, 21,2015/03/06 21:00:00.000
53113, 8, 2014, 7, 2,2014/08/23 02:00:00.000
53114, 2, 2015, 1, 17,2015/02/22 17:00:00.000
53115, 2, 2015, 1, 17,2015/02/22 17:00:00.000
53116, 2, 2015, 5, 13,2015/02/19 13:00:00.000
53117, 2, 2015, 7, 11,2015/02/21 11:00:00.000
53118, 2, 2015, 5, 12,2015/02/26 12:00:00.000
53119, 2, 2015, 4, 18,2015/02/25 18:00:00.000
53120, 3, 2015, 4, 13,2015/03/04 13:00:00.000
53148, 3, 2015, 5, 12,2015/03/12 12:00:00.000
53149, 3, 2015, 4, 23,2015/03/11 23:00:00.000
53150, 1, 2014, 6, 21,2014/01/31 21:00:00.000
53151, 3, 2015, 2, 18,2015/03/16 18:00:00.000
53152, 3, 2015, 3, 11,2015/03/10 11:00:00.000
53164, 3, 2015, 1, 18,2015/03/15 18:00:00.000
53165, 3, 2015, 6, 14,2015/03/20 14:00:00.000
53166, 3, 2015, 3, 14,2015/03/24 14:00:00.000
53177, 4, 2015, 7, 20,2015/04/04 20:00:00.000
53178, 3, 2015, 2, 17,2015/03/23 17:00:00.000
53179, 3, 2015, 7, 10,2015/03/28 10:00:00.000
53180, 3, 2015, 7, 18,2015/03/28 18:00:00.000
53181, 3, 2015, 1, 20,2015/03/29 20:00:00.000
53182, 3, 2015, 2, 20,2015/03/23 20:00:00.000
53183, 3, 2015, 2, 23,2015/03/02 23:00:00.000
53184, 3, 2015, 1, 13,2015/03/22 13:00:00.000
53191, 4, 2015, 7, 20,2015/04/04 20:00:00.000
53192, 4, 2015, 6, 14,2015/04/03 14:00:00.000
53193, 3, 2015, 7, 18,2015/03/14 18:00:00.000
53194, 3, 2015, 5, 20,2015/03/26 20:00:00.000
53195, 4, 2015, 5, 20,2015/04/02 20:00:00.000
53196, 4, 2015, 7, 12,2015/04/04 12:00:00.000
53197, 4, 2015, 1, 11,2015/04/05 11:00:00.000
53198, 4, 2015, 2, 21,2015/04/06 21:00:00.000
53199, 4, 2015, 7, 22,2015/04/11 22:00:00.000
53200, 4, 2015, 1, 11,2015/04/05 11:00:00.000
53201, 4, 2015, 5, 17,2015/04/02 17:00:00.000
53202, 4, 2015, 1, 21,2015/04/05 21:00:00.000
53203, 4, 2015, 4, 16,2015/04/08 16:00:00.000
53204, 4, 2015, 5, 13,2015/04/09 13:00:00.000
53222, 4, 2015, 1, 15,2015/04/26 15:00:00.000
53223, 4, 2015, 4, 12,2015/04/22 12:00:00.000
53224, 4, 2015, 5, 20,2015/04/16 20:00:00.000
53225, 4, 2015, 1, 11,2015/04/05 11:00:00.000
53231, 4, 2015, 5, 12,2015/04/23 12:00:00.000
53232, 5, 2015, 6, 20,2015/05/01 20:00:00.000
53233, 4, 2015, 4, 19,2015/04/15 19:00:00.000
53234, 4, 2015, 6, 12,2015/04/10 12:00:00.000
53235, 4, 2015, 3, 13,2015/04/21 13:00:00.000
53236, 4, 2015, 3, 19,2015/04/21 19:00:00.000
53237, 4, 2015, 3, 21,2015/04/28 21:00:00.000
53254, 5, 2015, 4, 14,2015/05/20 14:00:00.000
53255, 5, 2015, 7, 17,2015/05/09 17:00:00.000
53256, 5, 2015, 1, 18,2015/05/17 18:00:00.000
53257, 5, 2015, 1, 17,2015/05/17 17:00:00.000
53258, 5, 2015, 7, 14,2015/05/09 14:00:00.000
53259, 5, 2015, 7, 10,2015/05/02 10:00:00.000
53260, 5, 2015, 6, 11,2015/05/08 11:00:00.000
53261, 5, 2015, 7, 20,2015/05/09 20:00:00.000
53262, 5, 2015, 4, 15,2015/05/20 15:00:00.000
53263, 5, 2015, 6, 11,2015/05/08 11:00:00.000
53264, 5, 2015, 6, 17,2015/05/01 17:00:00.000
53265, 5, 2015, 3, 16,2015/05/05 16:00:00.000
53266, 5, 2015, 1, 13,2015/05/24 13:00:00.000
53267, 5, 2015, 5, 13,2015/05/21 13:00:00.000
53268, 5, 2015, 6, 19,2015/05/29 19:00:00.000
53269, 5, 2015, 3, 11,2015/05/05 11:00:00.000
53270, 5, 2015, 4, 14,2015/05/20 14:00:00.000
53271, 5, 2015, 1, 17,2015/05/17 17:00:00.000
53272, 5, 2015, 1, 14,2015/05/24 14:00:00.000
53306, 5, 2015, 6, 23,2015/05/29 23:00:00.000
53307, 6, 2015, 1, 18,2015/06/07 18:00:00.000
53308, 6, 2015, 3, 16,2015/06/09 16:00:00.000
53309, 2, 2015, 4, 19,2015/02/04 19:00:00.000
53323, 6, 2015, 6, 15,2015/06/05 15:00:00.000
53324, 6, 2015, 5, 17,2015/06/11 17:00:00.000
53325, 6, 2015, 7, 16,2015/06/13 16:00:00.000
53326, 6, 2015, 4, 19,2015/06/10 19:00:00.000
53327, 6, 2015, 1, 18,2015/06/14 18:00:00.000
53331, 6, 2015, 3, 19,2015/06/16 19:00:00.000
53332, 6, 2015, 6, 9,2015/06/19 09:00:00.000
53333, 6, 2015, 4, 19,2015/06/17 19:00:00.000
53339, 6, 2015, 3, 17,2015/06/16 17:00:00.000
53340, 6, 2015, 6, 20,2015/06/26 20:00:00.000
53341, 6, 2015, 4, 21,2015/06/17 21:00:00.000
53342, 4, 2015, 1, 15,2015/04/12 15:00:00.000
53343, 6, 2015, 1, 18,2015/06/21 18:00:00.000
53352, 7, 2008, 1, 8,2008/07/06 08:00:00.000
53355, 6, 2015, 1, 11,2015/06/28 11:00:00.000
53356, 7, 2015, 1, 18,2015/07/05 18:00:00.000
53357, 7, 2015, 6, 13,2015/07/03 13:00:00.000
53358, 7, 2015, 3, 20,2015/07/07 20:00:00.000
53359, 7, 2015, 5, 16,2015/07/09 16:00:00.000
53360, 7, 2015, 6, 18,2015/07/10 18:00:00.000
53361, 7, 2015, 3, 12,2015/07/07 12:00:00.000
53370, 6, 2015, 2, 19,2015/06/29 19:00:00.000
53372, 7, 2015, 6, 20,2015/07/10 20:00:00.000
53373, 7, 2015, 3, 17,2015/07/21 17:00:00.000
53374, 7, 2015, 3, 19,2015/07/14 19:00:00.000
53375, 7, 2015, 5, 19,2015/07/23 19:00:00.000
53376, 7, 2015, 2, 0,2015/07/20 00:00:00.000
53377, 7, 2015, 7, 18,2015/07/25 18:00:00.000
53378, 7, 2015, 7, 20,2015/07/25 20:00:00.000
53379, 7, 2015, 6, 19,2015/07/24 19:00:00.000
53380, 6, 2015, 7, 18,2015/06/27 18:00:00.000
53381, 6, 2015, 2, 18,2015/06/29 18:00:00.000
53403, 7, 2015, 6, 14,2015/07/31 14:00:00.000
53412, 3, 2015, 3, 16,2015/03/24 16:00:00.000
53418, 7, 2015, 7, 16,2015/07/11 16:00:00.000
53419, 7, 2015, 5, 13,2015/07/23 13:00:00.000
53423, 8, 2015, 7, 12,2015/08/01 12:00:00.000
53426, 8, 2015, 3, 16,2015/08/11 16:00:00.000
53427, 8, 2015, 5, 12,2015/08/13 12:00:00.000
53428, 8, 2015, 5, 11,2015/08/06 11:00:00.000
53431, 7, 2015, 3, 20,2015/07/14 20:00:00.000
53433, 4, 2012, 7, 20,2012/04/28 20:00:00.000
53434, 8, 2015, 3, 12,2015/08/11 12:00:00.000
53435, 8, 2015, 7, 14,2015/08/15 14:00:00.000
53436, 8, 2015, 2, 12,2015/08/17 12:00:00.000
53437, 11, 2014, 6, 9,2014/11/21 09:00:00.000
53438, 7, 2015, 5, 15,2015/07/30 15:00:00.000
53462, 8, 2015, 7, 17,2015/08/29 17:00:00.000
53463, 8, 2015, 2, 15,2015/08/24 15:00:00.000
53465, 8, 2015, 1, 12,2015/08/09 12:00:00.000
53466, 8, 2015, 5, 14,2015/08/27 14:00:00.000
53467, 8, 2015, 1, 16,2015/08/16 16:00:00.000
53468, 8, 2015, 1, 19,2015/08/30 19:00:00.000
53469, 8, 2015, 1, 18,2015/08/30 18:00:00.000
53470, 8, 2015, 1, 20,2015/08/23 20:00:00.000
53471, 8, 2015, 2, 14,2015/08/31 14:00:00.000
53472, 7, 2015, 3, 21,2015/07/28 21:00:00.000
53473, 8, 2015, 6, 20,2015/08/21 20:00:00.000
53474, 9, 2015, 1, 13,2015/09/13 13:00:00.000
53477, 9, 2015, 6, 5,2015/09/04 05:00:00.000
53482, 9, 2015, 1, 21,2015/09/20 21:00:00.000
53484, 9, 2015, 6, 13,2015/09/18 13:00:00.000
53485, 9, 2015, 1, 17,2015/09/20 17:00:00.000
53486, 9, 2015, 7, 13,2015/09/19 13:00:00.000
53487, 9, 2015, 7, 20,2015/09/19 20:00:00.000
53488, 9, 2015, 4, 13,2015/09/23 13:00:00.000
53489, 9, 2015, 3, 22,2015/09/22 22:00:00.000
53491, 9, 2015, 4, 14,2015/09/30 14:00:00.000
53493, 10, 2015, 2, 14,2015/10/05 14:00:00.000
53494, 9, 2015, 7, 14,2015/09/05 14:00:00.000
53495, 9, 2015, 2, 21,2015/09/28 21:00:00.000
53496, 9, 2015, 4, 17,2015/09/30 17:00:00.000
53497, 10, 2015, 3, 12,2015/10/06 12:00:00.000
53498, 9, 2015, 2, 14,2015/09/28 14:00:00.000
53499, 10, 2015, 5, 16,2015/10/08 16:00:00.000
53500, 10, 2015, 1, 19,2015/10/11 19:00:00.000
53501, 10, 2015, 3, 14,2015/10/06 14:00:00.000
53519, 10, 2015, 1, 15,2015/10/18 16:00:00.000
53543, 10, 2015, 4, 14,2015/10/21 14:00:00.000
53545, 10, 2015, 6, 19,2015/10/23 19:00:00.000
53546, 10, 2015, 5, 11,2015/10/22 11:00:00.000
53547, 10, 2015, 1, 19,2015/10/25 19:00:00.000
53550, 9, 2015, 1, 9,2015/09/13 09:00:00.000
53551, 11, 2015, 5, 19,2015/11/05 19:00:00.000
53552, 11, 2015, 6, 15,2015/11/06 15:00:00.000
53553, 9, 2015, 2, 18,2015/09/28 18:00:00.000
53554, 9, 2015, 5, 17,2015/09/24 17:00:00.000
53555, 9, 2015, 4, 13,2015/09/23 13:00:00.000
53556, 11, 2015, 2, 9,2015/11/02 09:00:00.000
53557, 10, 2015, 1, 20,2015/10/18 21:00:00.000
53559, 11, 2015, 3, 21,2015/11/10 21:00:00.000
53561, 10, 2015, 7, 18,2015/10/31 18:00:00.000
53562, 11, 2015, 1, 10,2015/11/08 10:00:00.000
53563, 11, 2015, 2, 20,2015/11/09 20:00:00.000
53564, 11, 2015, 2, 19,2015/11/09 19:00:00.000
53565, 11, 2015, 4, 17,2015/11/11 17:00:00.000
53566, 11, 2015, 2, 19,2015/11/09 19:00:00.000
53567, 11, 2015, 2, 18,2015/11/16 18:00:00.000
53568, 11, 2015, 3, 17,2015/11/17 17:00:00.000
53571, 11, 2015, 7, 19,2015/11/21 19:00:00.000
53572, 11, 2015, 3, 15,2015/11/17 15:00:00.000
53574, 11, 2015, 6, 12,2015/11/27 12:00:00.000
53576, 11, 2015, 1, 20,2015/11/29 20:00:00.000
53577, 11, 2015, 6, 16,2015/11/27 16:00:00.000
53578, 11, 2015, 1, 21,2015/11/01 21:00:00.000
53579, 10, 2015, 6, 12,2015/10/30 12:00:00.000
53580, 11, 2015, 3, 12,2015/11/10 12:00:00.000
53581, 11, 2015, 6, 18,2015/11/06 18:00:00.000
53601, 11, 2015, 6, 14,2015/11/13 14:00:00.000
53625, 12, 2015, 1, 14,2015/12/06 14:00:00.000
53626, 12, 2015, 1, 15,2015/12/06 15:00:00.000
53628, 12, 2015, 3, 12,2015/12/08 12:00:00.000
53629, 12, 2015, 3, 10,2015/12/08 10:00:00.000
60609, 12, 2015, 3, 13,2015/12/15 13:00:00.000
60612, 12, 2015, 1, 20,2015/12/13 20:00:00.000
60613, 12, 2015, 7, 8,2015/12/12 08:00:00.000
60616, 12, 2015, 3, 20,2015/12/15 20:00:00.000
60620, 12, 2015, 3, 16,2015/12/15 16:00:00.000
60625, 12, 2015, 5, 21,2015/12/17 21:00:00.000
60629, 12, 2015, 7, 10,2015/12/12 10:00:00.000
60631, 12, 2015, 2, 19,2015/12/28 19:00:00.000
60632, 12, 2015, 5, 13,2015/12/24 13:00:00.000
60645, 12, 2015, 3, 13,2015/12/15 13:00:00.000
60649, 12, 2015, 5, 14,2015/12/31 14:00:00.000
60783, 12, 2015, 1, 14,2015/12/13 14:00:00.000
60879, 2, 2008, 1, 20,2008/02/03 20:00:00.000
65312, 2, 2015, 4, 11,2015/02/11 11:00:00.000
